-2.5,0,2.5,2.5
-2.5,1.00401606425703,2.5,2.5
-2.5,2.00803212851406,2.5,2.5
-2.5,3.01204819277108,2.5,2.5
-2.5,4.01606425702811,2.5,2.5
-2.5,5.02008032128514,2.5,2.5
-2.5,6.02409638554217,2.5,2.5
-2.5,7.0281124497992,2.5,2.5
-2.5,8.03212851405623,2.5,2.5
-2.5,9.03614457831325,2.5,2.5
-2.5,10.0401606425703,2.5,2.5
-2.5,11.0441767068273,2.5,2.5
-2.5,12.0481927710843,2.5,2.5
-2.5,13.0522088353414,2.5,2.5
-2.5,14.0562248995984,2.5,2.5
-2.5,15.0602409638554,2.5,2.5
-2.5,16.0642570281125,2.5,2.5
-2.5,17.0682730923695,2.5,2.5
-2.5,18.0722891566265,2.5,2.5
-2.5,19.0763052208835,2.5,2.5
-2.5,20.0803212851406,2.5,2.5
-2.5,21.0843373493976,2.5,2.5
-2.5,22.0883534136546,2.5,2.5
-2.5,23.0923694779116,2.5,2.5
-2.5,24.0963855421687,2.5,2.5
-2.5,25.1004016064257,2.5,2.5
-2.5,26.1044176706827,2.5,2.5
-2.5,27.1084337349398,2.5,2.5
-2.5,28.1124497991968,2.5,2.5
-2.5,29.1164658634538,2.5,2.5
-2.5,30.1204819277108,2.5,2.5
-2.5,31.1244979919679,2.5,2.5
-2.5,32.1285140562249,2.5,2.5
-2.5,33.1325301204819,2.5,2.5
-2.5,34.136546184739,2.5,2.5
-2.5,35.140562248996,2.5,2.5
-2.5,36.144578313253,2.5,2.5
-2.5,37.14859437751,2.5,2.5
-2.5,38.1526104417671,2.5,2.5
-2.5,39.1566265060241,2.5,2.5
-2.5,40.1606425702811,2.5,2.5
-2.5,41.1646586345381,2.5,2.5
-2.5,42.1686746987952,2.5,2.5
-2.5,43.1726907630522,2.5,2.5
-2.5,44.1767068273092,2.5,2.5
-2.5,45.1807228915663,2.5,2.5
-2.5,46.1847389558233,2.5,2.5
-2.5,47.1887550200803,2.5,2.5
-2.5,48.1927710843374,2.5,2.5
-2.5,49.1967871485944,2.5,2.5
-2.5,50.2008032128514,2.5,2.5
-2.5,51.2048192771084,2.5,2.5
-2.5,52.2088353413655,2.5,2.5
-2.5,53.2128514056225,2.5,2.5
-2.5,54.2168674698795,2.5,2.5
-2.5,55.2208835341365,2.5,2.5
-2.5,56.2248995983936,2.5,2.5
-2.5,57.2289156626506,2.5,2.5
-2.5,58.2329317269076,2.5,2.5
-2.5,59.2369477911647,2.5,2.5
-2.5,60.2409638554217,2.5,2.5
-2.5,61.2449799196787,2.5,2.5
-2.5,62.2489959839357,2.5,2.5
-2.5,63.2530120481928,2.5,2.5
-2.5,64.2570281124498,2.5,2.5
-2.5,65.2610441767068,2.5,2.5
-2.5,66.2650602409639,2.5,2.5
-2.5,67.2690763052209,2.5,2.5
-2.5,68.2730923694779,2.5,2.5
-2.5,69.2771084337349,2.5,2.5
-2.5,70.281124497992,2.5,2.5
-2.5,71.285140562249,2.5,2.5
-2.5,72.289156626506,2.5,2.5
-2.5,73.2931726907631,2.5,2.5
-2.5,74.2971887550201,2.5,2.5
-2.5,75.3012048192771,2.5,2.5
-2.5,76.3052208835341,2.5,2.5
-2.5,77.3092369477912,2.5,2.5
-2.5,78.3132530120482,2.5,2.5
-2.5,79.3172690763052,2.5,2.5
-2.5,80.3212851405623,2.5,2.5
-2.5,81.3253012048193,2.5,2.5
-2.5,82.3293172690763,2.5,2.5
-2.5,83.3333333333333,2.5,2.5
-2.5,84.3373493975904,2.5,2.5
-2.5,85.3413654618474,2.5,2.5
-2.5,86.3453815261044,2.5,2.5
-2.5,87.3493975903614,2.5,2.5
-2.5,88.3534136546185,2.5,2.5
-2.5,89.3574297188755,2.5,2.5
-2.5,90.3614457831325,2.5,2.5
-2.5,91.3654618473896,2.5,2.5
-2.5,92.3694779116466,2.5,2.5
-2.5,93.3734939759036,2.5,2.5
-2.5,94.3775100401606,2.5,2.5
-2.5,95.3815261044177,2.5,2.5
-2.5,96.3855421686747,2.5,2.5
-2.5,97.3895582329317,2.5,2.5
-2.5,98.3935742971887,2.5,2.5
-2.5,99.3975903614458,2.5,2.5
-2.5,100.401606425703,2.5,2.5
-2.5,101.40562248996,2.5,2.5
-2.5,102.409638554217,2.5,2.5
-2.5,103.413654618474,2.5,2.5
-2.5,104.417670682731,2.5,2.5
-2.5,105.421686746988,2.5,2.5
-2.5,106.425702811245,2.5,2.5
-2.5,107.429718875502,2.5,2.5
-2.5,108.433734939759,2.5,2.5
-2.5,109.437751004016,2.5,2.5
-2.5,110.441767068273,2.5,2.5
-2.5,111.44578313253,2.5,2.5
-2.5,112.449799196787,2.5,2.5
-2.5,113.453815261044,2.5,2.5
-2.5,114.457831325301,2.5,2.5
-2.5,115.461847389558,2.5,2.5
-2.5,116.465863453815,2.5,2.5
-2.5,117.469879518072,2.5,2.5
-2.5,118.473895582329,2.5,2.5
-2.5,119.477911646586,2.5,2.5
-2.5,120.481927710843,2.5,2.5
-2.5,121.4859437751,2.5,2.5
-2.5,122.489959839357,2.5,2.5
-2.5,123.493975903614,2.5,2.5
-2.5,124.497991967871,2.5,2.5
-2.5,125.502008032129,2.5,2.5
-2.5,126.506024096386,2.5,2.5
-2.5,127.510040160643,2.5,2.5
-2.5,128.5140562249,2.5,2.5
-2.5,129.518072289157,2.5,2.5
-2.5,130.522088353414,2.5,2.5
-2.5,131.526104417671,2.5,2.5
-2.5,132.530120481928,2.5,2.5
-2.5,133.534136546185,2.5,2.5
-2.5,134.538152610442,2.5,2.5
-2.5,135.542168674699,2.5,2.5
-2.5,136.546184738956,2.5,2.5
-2.5,137.550200803213,2.5,2.5
-2.5,138.55421686747,2.5,2.5
-2.5,139.558232931727,2.5,2.5
-2.5,140.562248995984,2.5,2.5
-2.5,141.566265060241,2.5,2.5
-2.5,142.570281124498,2.5,2.5
-2.5,143.574297188755,2.5,2.5
-2.5,144.578313253012,2.5,2.5
-2.5,145.582329317269,2.5,2.5
-2.5,146.586345381526,2.5,2.5
-2.5,147.590361445783,2.5,2.5
-2.5,148.59437751004,2.5,2.5
-2.5,149.598393574297,2.5,2.5
-2.5,150.602409638554,2.5,2.5
-2.5,151.606425702811,2.5,2.5
-2.5,152.610441767068,2.5,2.5
-2.5,153.614457831325,2.5,2.5
-2.5,154.618473895582,2.5,2.5
-2.5,155.622489959839,2.5,2.5
-2.5,156.626506024096,2.5,2.5
-2.5,157.630522088353,2.5,2.5
-2.5,158.63453815261,2.5,2.5
-2.5,159.638554216867,2.5,2.5
-2.5,160.642570281125,2.5,2.5
-2.5,161.646586345382,2.5,2.5
-2.5,162.650602409639,2.5,2.5
-2.5,163.654618473896,2.5,2.5
-2.5,164.658634538153,2.5,2.5
-2.5,165.66265060241,2.5,2.5
-2.5,166.666666666667,2.5,2.5
-2.5,167.670682730924,2.5,2.5
-2.5,168.674698795181,2.5,2.5
-2.5,169.678714859438,2.5,2.5
-2.5,170.682730923695,2.5,2.5
-2.5,171.686746987952,2.5,2.5
-2.5,172.690763052209,2.5,2.5
-2.5,173.694779116466,2.5,2.5
-2.5,174.698795180723,2.5,2.5
-2.5,175.70281124498,2.5,2.5
-2.5,176.706827309237,2.5,2.5
-2.5,177.710843373494,2.5,2.5
-2.5,178.714859437751,2.5,2.5
-2.5,179.718875502008,2.5,2.5
-2.5,180.722891566265,2.5,2.5
-2.5,181.726907630522,2.5,2.5
-2.5,182.730923694779,2.5,2.5
-2.5,183.734939759036,2.5,2.5
-2.5,184.738955823293,2.5,2.5
-2.5,185.74297188755,2.5,2.5
-2.5,186.746987951807,2.5,2.5
-2.5,187.751004016064,2.5,2.5
-2.5,188.755020080321,2.5,2.5
-2.5,189.759036144578,2.5,2.5
-2.5,190.763052208835,2.5,2.5
-2.5,191.767068273092,2.5,2.5
-2.5,192.771084337349,2.5,2.5
-2.5,193.775100401606,2.5,2.5
-2.5,194.779116465863,2.5,2.5
-2.5,195.78313253012,2.5,2.5
-2.5,196.787148594377,2.5,2.5
-2.5,197.791164658635,2.5,2.5
-2.5,198.795180722892,2.5,2.5
-2.5,199.799196787149,2.5,2.5
-2.5,200.803212851406,2.5,2.5
-2.5,201.807228915663,2.5,2.5
-2.5,202.81124497992,2.5,2.5
-2.5,203.815261044177,2.5,2.5
-2.5,204.819277108434,2.5,2.5
-2.5,205.823293172691,2.5,2.5
-2.5,206.827309236948,2.5,2.5
-2.5,207.831325301205,2.5,2.5
-2.5,208.835341365462,2.5,2.5
-2.5,209.839357429719,2.5,2.5
-2.5,210.843373493976,2.5,2.5
-2.5,211.847389558233,2.5,2.5
-2.5,212.85140562249,2.5,2.5
-2.5,213.855421686747,2.5,2.5
-2.5,214.859437751004,2.5,2.5
-2.5,215.863453815261,2.5,2.5
-2.5,216.867469879518,2.5,2.5
-2.5,217.871485943775,2.5,2.5
-2.5,218.875502008032,2.5,2.5
-2.5,219.879518072289,2.5,2.5
-2.5,220.883534136546,2.5,2.5
-2.5,221.887550200803,2.5,2.5
-2.5,222.89156626506,2.5,2.5
-2.5,223.895582329317,2.5,2.5
-2.5,224.899598393574,2.5,2.5
-2.5,225.903614457831,2.5,2.5
-2.5,226.907630522088,2.5,2.5
-2.5,227.911646586345,2.5,2.5
-2.5,228.915662650602,2.5,2.5
-2.5,229.919678714859,2.5,2.5
-2.5,230.923694779116,2.5,2.5
-2.5,231.927710843373,2.5,2.5
-2.5,232.931726907631,2.5,2.5
-2.5,233.935742971888,2.5,2.5
-2.5,234.939759036145,2.5,2.5
-2.5,235.943775100402,2.5,2.5
-2.5,236.947791164659,2.5,2.5
-2.5,237.951807228916,2.5,2.5
-2.5,238.955823293173,2.5,2.5
-2.5,239.95983935743,2.5,2.5
-2.5,240.963855421687,2.5,2.5
-2.5,241.967871485944,2.5,2.5
-2.5,242.971887550201,2.5,2.5
-2.5,243.975903614458,2.5,2.5
-2.5,244.979919678715,2.5,2.5
-2.5,245.983935742972,2.5,2.5
-2.5,246.987951807229,2.5,2.5
-2.5,247.991967871486,2.5,2.5
-2.5,248.995983935743,2.5,2.5
-2.5,250,2.5,2.5
-2.5,250,2.5,2.5
-2.65151515151515,251.499923475244,2.5,2.5
-2.8030303030303,252.110361860179,2.5,2.5
-2.95454545454545,252.571297386133,2.5,2.5
-3.10606060606061,252.953574043882,2.5,2.5
-3.25757575757576,253.284770210406,2.49999999999999,2.50000000000001
-3.40909090909091,253.579094488187,2.5,2.50000000000001
-3.56060606060606,253.845023497106,2.50000000000001,2.49999999999999
-3.71212121212121,254.088102291889,2.5,2.5
-3.86363636363636,254.312196809321,2.49999999999999,2.50000000000001
-4.01515151515152,254.520131481872,2.5,2.5
-4.16666666666667,254.71404520791,2.5,2.5
-4.31818181818182,254.895604370122,2.5,2.5
-4.46969696969697,255.066137423424,2.50000000000001,2.49999999999999
-4.62121212121212,255.226723730503,2.5,2.5
-4.77272727272727,255.378254348272,2.50000000000001,2.49999999999999
-4.92424242424242,255.521474896451,2.5,2.5
-5.07575757575758,255.657016576544,2.5,2.5
-5.22727272727273,255.785419118799,2.5,2.5
-5.37878787878788,255.907148087763,2.5,2.5
-5.53030303030303,256.022608155864,2.5,2.5
-5.68181818181818,256.132153437833,2.5,2.5
-5.83333333333333,256.236095644623,2.5,2.5
-5.98484848484848,256.334710594051,2.50000000000001,2.49999999999998
-6.13636363636364,256.428243465332,2.50000000000003,2.49999999999998
-6.28787878787879,256.516913081093,2.50000000000001,2.49999999999998
-6.43939393939394,256.600915427513,2.50000000000001,2.49999999999998
-6.59090909090909,256.680426571227,2.50000000000002,2.49999999999997
-6.74242424242424,256.755605093821,2.50000000000001,2.49999999999999
-6.89393939393939,256.826594137011,2.49999999999998,2.50000000000001
-7.04545454545455,256.893523130956,2.50000000000001,2.49999999999999
-7.1969696969697,256.956509262575,2.49999999999998,2.50000000000003
-7.34848484848485,257.015658728964,2.5,2.5
-7.5,257.071067811865,2.5,2.5
-7.65151515151515,257.122823802147,2.50000000000002,2.49999999999999
-7.8030303030303,257.171005797697,2.50000000000001,2.50000000000001
-7.95454545454546,257.215685393813,2.50000000000002,2.49999999999999
-8.10606060606061,257.256927281714,2.50000000000003,2.49999999999998
-8.25757575757576,257.294789768006,2.50000000000003,2.49999999999997
-8.40909090909091,257.329325225726,2.5,2.49999999999999
-8.56060606060606,257.360580485752,2.50000000000001,2.49999999999998
-8.71212121212121,257.388597175901,2.50000000000001,2.49999999999998
-8.86363636363636,257.413412013773,2.49999999999998,2.50000000000003
-9.01515151515152,257.435057058415,2.50000000000002,2.49999999999996
-9.16666666666667,257.453559924999,2.50000000000002,2.49999999999999
-9.31818181818182,257.46894396598,2.49999999999999,2.49999999999999
-9.46969696969697,257.481228421593,2.50000000000001,2.49999999999998
-9.62121212121212,257.490428542005,2.49999999999998,2.50000000000001
-9.77272727272727,257.496555682941,2.49999999999997,2.50000000000003
-9.92424242424243,257.499617376221,2.49999999999998,2.50000000000001
-10.0757575757576,257.499617376221,2.49999999999998,2.50000000000001
-10.2272727272727,257.496555682941,2.49999999999997,2.50000000000003
-10.3787878787879,257.490428542005,2.49999999999998,2.50000000000001
-10.530303030303,257.481228421593,2.50000000000001,2.49999999999998
-10.6818181818182,257.46894396598,2.49999999999999,2.49999999999999
-10.8333333333333,257.453559924999,2.50000000000002,2.49999999999999
-10.9848484848485,257.435057058415,2.50000000000002,2.49999999999996
-11.1363636363636,257.413412013773,2.49999999999998,2.50000000000003
-11.2878787878788,257.388597175901,2.50000000000001,2.49999999999998
-11.4393939393939,257.360580485752,2.50000000000001,2.49999999999998
-11.5909090909091,257.329325225726,2.5,2.49999999999999
-11.7424242424242,257.294789768006,2.50000000000003,2.49999999999997
-11.8939393939394,257.256927281714,2.50000000000003,2.49999999999998
-12.0454545454545,257.215685393813,2.50000000000002,2.49999999999999
-12.1969696969697,257.171005797697,2.50000000000001,2.50000000000001
-12.3484848484848,257.122823802147,2.50000000000002,2.49999999999999
-12.5,257.071067811865,2.5,2.5
-12.6515151515152,257.015658728964,2.5,2.5
-12.8030303030303,256.956509262575,2.49999999999998,2.50000000000003
-12.9545454545455,256.893523130956,2.50000000000001,2.49999999999999
-13.1060606060606,256.826594137011,2.49999999999998,2.50000000000001
-13.2575757575758,256.755605093821,2.50000000000001,2.49999999999999
-13.4090909090909,256.680426571227,2.50000000000002,2.49999999999997
-13.5606060606061,256.600915427513,2.50000000000001,2.49999999999998
-13.7121212121212,256.516913081093,2.50000000000001,2.49999999999998
-13.8636363636364,256.428243465332,2.50000000000003,2.49999999999998
-14.0151515151515,256.334710594051,2.50000000000001,2.49999999999998
-14.1666666666667,256.236095644623,2.49999999999999,2.5
-14.3181818181818,256.132153437833,2.5,2.5
-14.469696969697,256.022608155864,2.5,2.5
-14.6212121212121,255.907148087763,2.5,2.5
-14.7727272727273,255.785419118799,2.5,2.5
-14.9242424242424,255.657016576544,2.5,2.5
-15.0757575757576,255.521474896451,2.5,2.5
-15.2272727272727,255.378254348272,2.50000000000001,2.49999999999999
-15.3787878787879,255.226723730503,2.5,2.5
-15.530303030303,255.066137423424,2.50000000000001,2.49999999999999
-15.6818181818182,254.895604370122,2.5,2.5
-15.8333333333333,254.71404520791,2.5,2.5
-15.9848484848485,254.520131481872,2.5,2.5
-16.1363636363636,254.312196809321,2.49999999999999,2.50000000000001
-16.2878787878788,254.088102291889,2.5,2.5
-16.4393939393939,253.845023497106,2.50000000000001,2.49999999999999
-16.5909090909091,253.579094488187,2.5,2.50000000000001
-16.7424242424242,253.284770210406,2.49999999999999,2.50000000000001
-16.8939393939394,252.953574043882,2.5,2.5
-17.0454545454545,252.571297386133,2.5,2.5
-17.1969696969697,252.110361860179,2.5,2.5
-17.3484848484849,251.499923475244,2.5,2.5
-17.5,250,2.5,2.5
-17.5,250,2.5,2.5
-17.6515151515152,248.500076524756,2.5,2.5
-17.8030303030303,247.889638139821,2.5,2.5
-17.9545454545455,247.428702613867,2.5,2.5
-18.1060606060606,247.046425956118,2.5,2.5
-18.2575757575758,246.715229789594,2.50000000000001,2.49999999999999
-18.4090909090909,246.420905511813,2.50000000000001,2.5
-18.5606060606061,246.154976502894,2.49999999999999,2.50000000000001
-18.7121212121212,245.911897708111,2.5,2.5
-18.8636363636364,245.687803190679,2.50000000000001,2.49999999999999
-19.0151515151515,245.479868518128,2.5,2.5
-19.1666666666667,245.28595479209,2.5,2.5
-19.3181818181818,245.104395629878,2.5,2.5
-19.469696969697,244.933862576576,2.49999999999999,2.50000000000001
-19.6212121212121,244.773276269497,2.5,2.5
-19.7727272727273,244.621745651728,2.49999999999999,2.49999999999999
-19.9242424242424,244.478525103549,2.5,2.5
-20.0757575757576,244.342983423456,2.5,2.5
-20.2272727272727,244.214580881201,2.5,2.49999999999998
-20.3787878787879,244.092851912237,2.5,2.5
-20.530303030303,243.977391844136,2.5,2.5
-20.6818181818182,243.867846562167,2.5,2.5
-20.8333333333333,243.763904355377,2.5,2.50000000000002
-20.9848484848485,243.665289405949,2.50000000000001,2.50000000000001
-21.1363636363636,243.571756534668,2.5,2.5
-21.2878787878788,243.483086918907,2.50000000000001,2.50000000000001
-21.4393939393939,243.399084572487,2.50000000000001,2.50000000000001
-21.5909090909091,243.319573428773,2.50000000000002,2.49999999999999
-21.7424242424242,243.244394906179,2.49999999999999,2.50000000000001
-21.8939393939394,243.173405862989,2.50000000000001,2.50000000000001
-22.0454545454545,243.106476869044,2.49999999999999,2.50000000000001
-22.1969696969697,243.043490737425,2.49999999999998,2.5
-22.3484848484848,242.984341271036,2.5,2.49999999999998
-22.5,242.928932188135,2.5,2.5
-22.6515151515151,242.877176197853,2.49999999999999,2.49999999999999
-22.8030303030303,242.828994202303,2.50000000000001,2.49999999999998
-22.9545454545455,242.784314606187,2.49999999999999,2.49999999999999
-23.1060606060606,242.743072718286,2.49999999999998,2.50000000000001
-23.2575757575758,242.705210231994,2.5,2.5
-23.4090909090909,242.670674774274,2.5,2.50000000000002
-23.5606060606061,242.639419514248,2.50000000000001,2.50000000000001
-23.7121212121212,242.611402824099,2.50000000000001,2.50000000000001
-23.8636363636364,242.586587986227,2.49999999999998,2.50000000000001
-24.0151515151515,242.564942941585,2.50000000000002,2.49999999999999
-24.1666666666667,242.546440075001,2.49999999999999,2.49999999999999
-24.3181818181818,242.53105603402,2.49999999999999,2.50000000000002
-24.469696969697,242.518771578407,2.49999999999998,2.50000000000001
-24.6212121212121,242.509571457995,2.50000000000001,2.49999999999998
-24.7727272727273,242.503444317059,2.5,2.5
-24.9242424242424,242.500382623779,2.50000000000001,2.50000000000001
-25.0757575757576,242.500382623779,2.50000000000001,2.50000000000001
-25.2272727272727,242.503444317059,2.5,2.5
-25.3787878787879,242.509571457995,2.50000000000001,2.49999999999998
-25.530303030303,242.518771578407,2.49999999999998,2.50000000000001
-25.6818181818182,242.53105603402,2.49999999999999,2.50000000000002
-25.8333333333333,242.546440075001,2.49999999999999,2.49999999999999
-25.9848484848485,242.564942941585,2.50000000000002,2.49999999999999
-26.1363636363636,242.586587986227,2.49999999999998,2.50000000000001
-26.2878787878788,242.611402824099,2.50000000000001,2.50000000000001
-26.4393939393939,242.639419514248,2.50000000000001,2.50000000000001
-26.5909090909091,242.670674774274,2.5,2.50000000000002
-26.7424242424242,242.705210231994,2.5,2.5
-26.8939393939394,242.743072718286,2.49999999999998,2.50000000000001
-27.0454545454545,242.784314606187,2.49999999999999,2.49999999999999
-27.1969696969697,242.828994202303,2.50000000000001,2.49999999999998
-27.3484848484849,242.877176197853,2.49999999999999,2.49999999999999
-27.5,242.928932188135,2.5,2.5
-27.6515151515152,242.984341271036,2.5,2.49999999999998
-27.8030303030303,243.043490737425,2.49999999999998,2.5
-27.9545454545455,243.106476869044,2.49999999999999,2.50000000000001
-28.1060606060606,243.173405862989,2.50000000000001,2.50000000000001
-28.2575757575758,243.244394906179,2.49999999999999,2.50000000000001
-28.4090909090909,243.319573428773,2.50000000000002,2.49999999999999
-28.5606060606061,243.399084572487,2.50000000000001,2.50000000000001
-28.7121212121212,243.483086918907,2.50000000000001,2.50000000000001
-28.8636363636364,243.571756534668,2.5,2.5
-29.0151515151515,243.665289405949,2.50000000000001,2.50000000000001
-29.1666666666667,243.763904355377,2.5,2.50000000000002
-29.3181818181818,243.867846562167,2.5,2.5
-29.469696969697,243.977391844136,2.5,2.5
-29.6212121212121,244.092851912237,2.5,2.5
-29.7727272727273,244.214580881201,2.50000000000001,2.49999999999998
-29.9242424242424,244.342983423456,2.5,2.5
-30.0757575757576,244.478525103549,2.5,2.5
-30.2272727272727,244.621745651728,2.49999999999999,2.49999999999999
-30.3787878787879,244.773276269497,2.5,2.5
-30.530303030303,244.933862576576,2.49999999999999,2.50000000000001
-30.6818181818182,245.104395629878,2.5,2.5
-30.8333333333333,245.28595479209,2.5,2.5
-30.9848484848485,245.479868518128,2.5,2.5
-31.1363636363636,245.687803190679,2.49999999999999,2.49999999999999
-31.2878787878788,245.911897708111,2.5,2.5
-31.4393939393939,246.154976502894,2.49999999999999,2.50000000000001
-31.5909090909091,246.420905511813,2.50000000000001,2.5
-31.7424242424242,246.715229789594,2.50000000000001,2.49999999999999
-31.8939393939394,247.046425956118,2.5,2.5
-32.0454545454545,247.428702613867,2.50000000000001,2.49999999999999
-32.1969696969697,247.889638139821,2.5,2.5
-32.3484848484849,248.500076524756,2.5,2.5
-32.5,250,2.5,2.5
-32.5,250,2.5,2.5
-32.5,251.006711409396,2.5,2.5
-32.5,252.013422818792,2.5,2.5
-32.5,253.020134228188,2.5,2.5
-32.5,254.026845637584,2.5,2.5
-32.5,255.03355704698,2.5,2.5
-32.5,256.040268456376,2.5,2.5
-32.5,257.046979865772,2.5,2.5
-32.5,258.053691275168,2.5,2.5
-32.5,259.060402684564,2.5,2.5
-32.5,260.06711409396,2.5,2.5
-32.5,261.073825503356,2.5,2.5
-32.5,262.080536912752,2.5,2.5
-32.5,263.087248322148,2.5,2.5
-32.5,264.093959731544,2.5,2.5
-32.5,265.10067114094,2.5,2.5
-32.5,266.107382550336,2.5,2.5
-32.5,267.114093959732,2.5,2.5
-32.5,268.120805369128,2.5,2.5
-32.5,269.127516778523,2.5,2.5
-32.5,270.134228187919,2.5,2.5
-32.5,271.140939597315,2.5,2.5
-32.5,272.147651006711,2.5,2.5
-32.5,273.154362416107,2.5,2.5
-32.5,274.161073825503,2.5,2.5
-32.5,275.167785234899,2.5,2.5
-32.5,276.174496644295,2.5,2.5
-32.5,277.181208053691,2.5,2.5
-32.5,278.187919463087,2.5,2.5
-32.5,279.194630872483,2.5,2.5
-32.5,280.201342281879,2.5,2.5
-32.5,281.208053691275,2.5,2.5
-32.5,282.214765100671,2.5,2.5
-32.5,283.221476510067,2.5,2.5
-32.5,284.228187919463,2.5,2.5
-32.5,285.234899328859,2.5,2.5
-32.5,286.241610738255,2.5,2.5
-32.5,287.248322147651,2.5,2.5
-32.5,288.255033557047,2.5,2.5
-32.5,289.261744966443,2.5,2.5
-32.5,290.268456375839,2.5,2.5
-32.5,291.275167785235,2.5,2.5
-32.5,292.281879194631,2.5,2.5
-32.5,293.288590604027,2.5,2.5
-32.5,294.295302013423,2.5,2.5
-32.5,295.302013422819,2.5,2.5
-32.5,296.308724832215,2.5,2.5
-32.5,297.315436241611,2.5,2.5
-32.5,298.322147651007,2.5,2.5
-32.5,299.328859060403,2.5,2.5
-32.5,300.335570469799,2.5,2.5
-32.5,301.342281879195,2.5,2.5
-32.5,302.348993288591,2.5,2.5
-32.5,303.355704697987,2.5,2.5
-32.5,304.362416107383,2.5,2.5
-32.5,305.369127516779,2.5,2.5
-32.5,306.375838926174,2.5,2.5
-32.5,307.38255033557,2.5,2.5
-32.5,308.389261744966,2.5,2.5
-32.5,309.395973154362,2.5,2.5
-32.5,310.402684563758,2.5,2.5
-32.5,311.409395973154,2.5,2.5
-32.5,312.41610738255,2.5,2.5
-32.5,313.422818791946,2.5,2.5
-32.5,314.429530201342,2.5,2.5
-32.5,315.436241610738,2.5,2.5
-32.5,316.442953020134,2.5,2.5
-32.5,317.44966442953,2.5,2.5
-32.5,318.456375838926,2.5,2.5
-32.5,319.463087248322,2.5,2.5
-32.5,320.469798657718,2.5,2.5
-32.5,321.476510067114,2.5,2.5
-32.5,322.48322147651,2.5,2.5
-32.5,323.489932885906,2.5,2.5
-32.5,324.496644295302,2.5,2.5
-32.5,325.503355704698,2.5,2.5
-32.5,326.510067114094,2.5,2.5
-32.5,327.51677852349,2.5,2.5
-32.5,328.523489932886,2.5,2.5
-32.5,329.530201342282,2.5,2.5
-32.5,330.536912751678,2.5,2.5
-32.5,331.543624161074,2.5,2.5
-32.5,332.55033557047,2.5,2.5
-32.5,333.557046979866,2.5,2.5
-32.5,334.563758389262,2.5,2.5
-32.5,335.570469798658,2.5,2.5
-32.5,336.577181208054,2.5,2.5
-32.5,337.58389261745,2.5,2.5
-32.5,338.590604026846,2.5,2.5
-32.5,339.597315436242,2.5,2.5
-32.5,340.604026845638,2.5,2.5
-32.5,341.610738255034,2.5,2.5
-32.5,342.61744966443,2.5,2.5
-32.5,343.624161073826,2.5,2.5
-32.5,344.630872483221,2.5,2.5
-32.5,345.637583892617,2.5,2.5
-32.5,346.644295302013,2.5,2.5
-32.5,347.651006711409,2.5,2.5
-32.5,348.657718120805,2.5,2.5
-32.5,349.664429530201,2.5,2.5
-32.5,350.671140939597,2.5,2.5
-32.5,351.677852348993,2.5,2.5
-32.5,352.684563758389,2.5,2.5
-32.5,353.691275167785,2.5,2.5
-32.5,354.697986577181,2.5,2.5
-32.5,355.704697986577,2.5,2.5
-32.5,356.711409395973,2.5,2.5
-32.5,357.718120805369,2.5,2.5
-32.5,358.724832214765,2.5,2.5
-32.5,359.731543624161,2.5,2.5
-32.5,360.738255033557,2.5,2.5
-32.5,361.744966442953,2.5,2.5
-32.5,362.751677852349,2.5,2.5
-32.5,363.758389261745,2.5,2.5
-32.5,364.765100671141,2.5,2.5
-32.5,365.771812080537,2.5,2.5
-32.5,366.778523489933,2.5,2.5
-32.5,367.785234899329,2.5,2.5
-32.5,368.791946308725,2.5,2.5
-32.5,369.798657718121,2.5,2.5
-32.5,370.805369127517,2.5,2.5
-32.5,371.812080536913,2.5,2.5
-32.5,372.818791946309,2.5,2.5
-32.5,373.825503355705,2.5,2.5
-32.5,374.832214765101,2.5,2.5
-32.5,375.838926174497,2.5,2.5
-32.5,376.845637583893,2.5,2.5
-32.5,377.852348993289,2.5,2.5
-32.5,378.859060402685,2.5,2.5
-32.5,379.865771812081,2.5,2.5
-32.5,380.872483221477,2.5,2.5
-32.5,381.879194630872,2.5,2.5
-32.5,382.885906040268,2.5,2.5
-32.5,383.892617449664,2.5,2.5
-32.5,384.89932885906,2.5,2.5
-32.5,385.906040268456,2.5,2.5
-32.5,386.912751677852,2.5,2.5
-32.5,387.919463087248,2.5,2.5
-32.5,388.926174496644,2.5,2.5
-32.5,389.93288590604,2.5,2.5
-32.5,390.939597315436,2.5,2.5
-32.5,391.946308724832,2.5,2.5
-32.5,392.953020134228,2.5,2.5
-32.5,393.959731543624,2.5,2.5
-32.5,394.96644295302,2.5,2.5
-32.5,395.973154362416,2.5,2.5
-32.5,396.979865771812,2.5,2.5
-32.5,397.986577181208,2.5,2.5
-32.5,398.993288590604,2.5,2.5
-32.5,400,2.5,2.5
-32.5,400,2.5,2.5
-32.2236180904523,403.889038192818,2.5,2.5
-31.9472361809045,405.486024262665,2.49999999999999,2.5
-31.6708542713568,406.701905134814,2.5,2.5
-31.394472361809,407.71892665736,2.5,2.5
-31.1180904522613,408.607865654592,2.5,2.5
-30.8417085427136,409.405110291402,2.5,2.5
-30.5653266331658,410.132328169752,2.50000000000001,2.49999999999999
-30.2889447236181,410.803669504654,2.5,2.5
-30.0125628140703,411.428985146205,2.50000000000001,2.49999999999999
-29.7361809045226,412.015463131263,2.5,2.5
-29.4597989949749,412.568541408032,2.5,2.5
-29.1834170854271,413.092453477949,2.49999999999999,2.50000000000001
-28.9070351758794,413.590572802471,2.49999999999998,2.50000000000001
-28.6306532663317,414.065639914572,2.50000000000001,2.49999999999998
-28.3542713567839,414.519917678613,2.5,2.5
-28.0778894472362,414.955300687754,2.49999999999999,2.50000000000002
-27.8015075376884,415.373394355468,2.49999999999999,2.49999999999999
-27.5251256281407,415.775573379008,2.5,2.49999999999999
-27.248743718593,416.163025797924,2.5,2.5
-26.9723618090452,416.536786765645,2.5,2.50000000000001
-26.6959798994975,416.897764828539,2.5,2.5
-26.4195979899498,417.246762651261,2.50000000000001,2.49999999999997
-26.143216080402,417.584493560448,2.49999999999999,2.50000000000003
-25.8668341708543,417.911594895097,2.49999999999999,2.49999999999999
-25.5904522613065,418.228638887061,2.5,2.5
-25.3140703517588,418.536141608862,2.50000000000001,2.49999999999997
-25.0376884422111,418.834570393106,2.5,2.5
-24.7613065326633,419.124350031364,2.5,2.5
-24.4849246231156,419.405867989644,2.49999999999998,2.50000000000002
-24.2085427135678,419.679478824934,2.49999999999999,2.50000000000003
-23.9321608040201,419.945507947674,2.50000000000001,2.50000000000001
-23.6557788944724,420.204254844972,2.5,2.5
-23.3793969849246,420.455995856241,2.5,2.5
-23.1030150753769,420.700986575057,2.50000000000001,2.50000000000001
-22.8266331658291,420.939463937049,2.50000000000001,2.50000000000001
-22.5502512562814,421.171648042639,2.49999999999996,2.50000000000001
-22.2738693467337,421.397743754704,2.5,2.5
-21.9974874371859,421.61794210425,2.49999999999998,2.50000000000002
-21.7211055276382,421.832421531603,2.50000000000001,2.50000000000001
-21.4447236180905,422.041348986045,2.49999999999998,2.50000000000002
-21.1683417085427,422.244880903161,2.50000000000001,2.49999999999996
-20.891959798995,422.443164076108,2.49999999999998,2.50000000000003
-20.6155778894472,422.63633643456,2.49999999999998,2.50000000000002
-20.3391959798995,422.824527742984,2.49999999999998,2.50000000000002
-20.0628140703518,423.007860228235,2.50000000000003,2.49999999999998
-19.786432160804,423.186449145006,2.49999999999995,2.5
-19.5100502512563,423.360403286459,2.49999999999998,2.50000000000003
-19.2336683417085,423.529825446404,2.50000000000002,2.49999999999997
-18.9572864321608,423.694812838481,2.50000000000004,2.49999999999999
-18.6809045226131,423.85545747713,2.5,2.5
-18.4045226130653,424.011846524493,2.50000000000001,2.49999999999996
-18.1281407035176,424.164062606868,2.49999999999998,2.50000000000003
-17.8517587939699,424.312184103894,2.5,2.5
-17.5753768844221,424.456285413258,2.50000000000001,2.5
-17.2989949748744,424.596437193383,2.50000000000001,2.50000000000001
-17.0226130653266,424.732706586248,2.49999999999998,2.50000000000003
-16.7462311557789,424.865157422285,2.50000000000002,2.49999999999997
-16.4698492462312,424.993850409025,2.49999999999996,2.50000000000002
-16.1934673366834,425.118843305029,2.49999999999998,2.49999999999998
-15.9170854271357,425.24019108043,2.5,2.5
-15.6407035175879,425.357946065303,2.49999999999999,2.49999999999999
-15.3643216080402,425.472158086921,2.50000000000003,2.49999999999998
-15.0879396984925,425.582874596878,2.50000000000003,2.49999999999998
-14.8115577889447,425.690140788913,2.49999999999999,2.50000000000004
-14.535175879397,425.793999708245,2.5,2.5
-14.2587939698492,425.894492353083,2.49999999999997,2.50000000000002
-13.9824120603015,425.991657768964,2.49999999999999,2.49999999999999
-13.7060301507538,426.085533136476,2.49999999999998,2.49999999999998
-13.429648241206,426.176153852878,2.49999999999999,2.49999999999999
-13.1532663316583,426.263553608091,2.49999999999997,2.50000000000003
-12.8768844221106,426.347764455466,2.49999999999998,2.49999999999998
-12.6005025125628,426.428816877729,2.50000000000001,2.50000000000001
-12.3241206030151,426.506739848433,2.50000000000001,2.50000000000001
-12.0477386934673,426.581560889244,2.5,2.5
-11.7713567839196,426.653306123347,2.5,2.5
-11.4949748743719,426.722000325224,2.50000000000004,2.49999999999999
-11.2185929648241,426.787666967055,2.5,2.5
-10.9422110552764,426.850328261952,2.50000000000003,2.49999999999998
-10.6658291457286,426.910005204225,2.50000000000005,2.49999999999999
-10.3894472361809,426.966717606865,2.49999999999998,2.49999999999998
-10.1130653266332,427.020484136403,2.49999999999998,2.50000000000003
-9.83668341708543,427.071322345295,2.49999999999998,2.49999999999998
-9.56030150753769,427.119248701989,2.49999999999999,2.49999999999999
-9.28391959798995,427.164278618766,2.49999999999997,2.50000000000003
-9.00753768844221,427.206426477502,2.49999999999997,2.50000000000002
-8.73115577889447,427.245705653435,2.5,2.5
-8.45477386934673,427.282128537042,2.5,2.5
-8.17839195979899,427.315706554103,2.50000000000002,2.49999999999997
-7.90201005025126,427.346450184041,2.49999999999998,2.49999999999998
-7.62562814070352,427.374368976595,2.50000000000002,2.50000000000002
-7.34924623115578,427.399471566901,2.50000000000003,2.49999999999997
-7.07286432160804,427.421765689033,2.49999999999995,2.50000000000001
-6.7964824120603,427.441258188049,2.49999999999999,2.49999999999999
-6.52010050251256,427.457955030597,2.5,2.5
-6.24371859296483,427.471861314107,2.49999999999998,2.49999999999998
-5.96733668341708,427.482981274616,2.49999999999999,2.49999999999999
-5.69095477386935,427.491318293244,2.49999999999997,2.50000000000002
-5.41457286432161,427.496874901344,2.49999999999998,2.50000000000003
-5.13819095477387,427.499652784354,2.5,2.5
-4.86180904522613,427.499652784354,2.5,2.5
-4.58542713567839,427.496874901344,2.49999999999998,2.50000000000003
-4.30904522613065,427.491318293244,2.49999999999997,2.50000000000002
-4.03266331658292,427.482981274616,2.49999999999999,2.49999999999999
-3.75628140703517,427.471861314107,2.49999999999998,2.49999999999998
-3.47989949748744,427.457955030597,2.5,2.5
-3.2035175879397,427.441258188049,2.49999999999999,2.49999999999999
-2.92713567839196,427.421765689033,2.49999999999995,2.50000000000001
-2.65075376884422,427.399471566901,2.50000000000003,2.49999999999997
-2.37437185929648,427.374368976595,2.50000000000002,2.50000000000002
-2.09798994974874,427.346450184041,2.49999999999998,2.49999999999998
-1.821608040201,427.315706554103,2.50000000000002,2.49999999999997
-1.54522613065327,427.282128537042,2.49999999999999,2.49999999999999
-1.26884422110553,427.245705653435,2.5,2.5
-0.992462311557789,427.206426477502,2.49999999999997,2.50000000000002
-0.71608040201005,427.164278618766,2.49999999999997,2.50000000000003
-0.439698492462313,427.119248701989,2.49999999999999,2.49999999999999
-0.163316582914574,427.071322345295,2.49999999999998,2.49999999999998
0.113065326633166,427.020484136403,2.49999999999998,2.50000000000003
0.389447236180905,426.966717606865,2.49999999999999,2.49999999999999
0.665829145728642,426.910005204225,2.50000000000005,2.49999999999999
0.942211055276381,426.850328261952,2.50000000000003,2.49999999999998
1.21859296482412,426.787666967055,2.5,2.5
1.49497487437186,426.722000325224,2.50000000000004,2.49999999999999
1.7713567839196,426.653306123347,2.49999999999999,2.49999999999999
2.04773869346734,426.581560889244,2.5,2.5
2.32412060301507,426.506739848433,2.50000000000001,2.50000000000001
2.60050251256282,426.428816877729,2.50000000000001,2.50000000000001
2.87688442211055,426.347764455466,2.49999999999998,2.49999999999998
3.15326633165829,426.263553608091,2.49999999999997,2.50000000000003
3.42964824120603,426.176153852878,2.49999999999999,2.49999999999999
3.70603015075377,426.085533136476,2.49999999999999,2.49999999999999
3.98241206030151,425.991657768964,2.49999999999999,2.50000000000004
4.25879396984925,425.894492353083,2.49999999999997,2.50000000000002
4.53517587939698,425.793999708245,2.5,2.5
4.81155778894473,425.690140788913,2.49999999999999,2.50000000000004
5.08793969849246,425.582874596878,2.50000000000004,2.49999999999998
5.3643216080402,425.472158086921,2.50000000000003,2.49999999999998
5.64070351758794,425.357946065302,2.49999999999999,2.50000000000004
5.91708542713568,425.24019108043,2.5,2.5
6.19346733668342,425.118843305029,2.49999999999998,2.49999999999998
6.46984924623116,424.993850409025,2.49999999999996,2.50000000000001
6.74623115577889,424.865157422285,2.50000000000002,2.49999999999997
7.02261306532663,424.732706586248,2.49999999999998,2.50000000000003
7.29899497487437,424.596437193383,2.50000000000001,2.50000000000001
7.57537688442211,424.456285413258,2.5,2.5
7.85175879396985,424.312184103894,2.5,2.5
8.12814070351759,424.164062606868,2.49999999999998,2.50000000000003
8.40452261306533,424.011846524493,2.50000000000001,2.49999999999996
8.68090452261307,423.85545747713,2.5,2.5
8.9572864321608,423.694812838481,2.50000000000004,2.49999999999999
9.23366834170854,423.529825446404,2.50000000000002,2.49999999999997
9.51005025125628,423.360403286459,2.49999999999998,2.50000000000003
9.78643216080402,423.186449145006,2.49999999999995,2.5
10.0628140703518,423.007860228235,2.50000000000003,2.49999999999998
10.3391959798995,422.824527742984,2.49999999999998,2.50000000000002
10.6155778894472,422.63633643456,2.49999999999998,2.50000000000003
10.891959798995,422.443164076108,2.49999999999998,2.50000000000003
11.1683417085427,422.244880903161,2.50000000000001,2.49999999999996
11.4447236180905,422.041348986045,2.49999999999998,2.50000000000002
11.7211055276382,421.832421531603,2.50000000000001,2.50000000000001
11.9974874371859,421.61794210425,2.49999999999998,2.50000000000002
12.2738693467337,421.397743754704,2.5,2.5
12.5502512562814,421.171648042639,2.49999999999997,2.50000000000001
12.8266331658291,420.939463937049,2.50000000000001,2.50000000000001
13.1030150753769,420.700986575057,2.50000000000001,2.50000000000001
13.3793969849246,420.455995856241,2.5,2.5
13.6557788944724,420.204254844972,2.5,2.5
13.9321608040201,419.945507947674,2.50000000000001,2.50000000000001
14.2085427135678,419.679478824934,2.49999999999999,2.50000000000003
14.4849246231156,419.405867989644,2.49999999999998,2.50000000000002
14.7613065326633,419.124350031364,2.5,2.5
15.0376884422111,418.834570393106,2.5,2.5
15.3140703517588,418.536141608862,2.50000000000001,2.50000000000001
15.5904522613065,418.228638887061,2.5,2.5
15.8668341708543,417.911594895097,2.49999999999999,2.49999999999999
16.143216080402,417.584493560448,2.49999999999999,2.50000000000003
16.4195979899497,417.246762651261,2.5,2.5
16.6959798994975,416.897764828539,2.5,2.5
16.9723618090452,416.536786765645,2.50000000000001,2.50000000000001
17.248743718593,416.163025797924,2.5,2.5
17.5251256281407,415.775573379008,2.49999999999999,2.50000000000003
17.8015075376884,415.373394355468,2.49999999999999,2.49999999999999
18.0778894472362,414.955300687754,2.49999999999999,2.50000000000002
18.3542713567839,414.519917678613,2.5,2.5
18.6306532663317,414.065639914572,2.50000000000001,2.49999999999998
18.9070351758794,413.590572802471,2.49999999999998,2.50000000000001
19.1834170854271,413.092453477949,2.49999999999999,2.50000000000001
19.4597989949749,412.568541408032,2.5,2.5
19.7361809045226,412.015463131263,2.5,2.5
20.0125628140703,411.428985146205,2.50000000000001,2.49999999999999
20.2889447236181,410.803669504654,2.5,2.5
20.5653266331658,410.132328169752,2.50000000000001,2.49999999999999
20.8417085427136,409.405110291402,2.5,2.5
21.1180904522613,408.607865654592,2.5,2.5
21.394472361809,407.71892665736,2.5,2.5
21.6708542713568,406.701905134814,2.5,2.5
21.9472361809045,405.486024262665,2.49999999999999,2.5
22.2236180904523,403.889038192818,2.5,2.5
22.5,400,2.5,2.5
22.5,400,2.5,2.5
22.5,398.989630346013,2.50000001443391,2.50000001443391
22.5,397.979260692027,2.50000005773563,2.50000005773563
22.5,396.96889103804,2.50000012990516,2.50000012990516
22.5,395.958521384053,2.50000023094251,2.50000023094251
22.5,394.948151730067,2.50000036084766,2.50000036084766
22.5,393.93778207608,2.50000051962061,2.50000051962061
22.5,392.927412422093,2.50000070726137,2.50000070726137
22.5,391.917042768107,2.50000092376991,2.50000092376991
22.5,390.90667311412,2.50000116914623,2.50000116914623
22.5,389.896303460133,2.50000144339033,2.50000144339033
22.5,388.885933806147,2.50000174650219,2.50000174650219
22.5,387.87556415216,2.50000207848181,2.50000207848181
22.5,386.865194498173,2.50000243932917,2.50000243932917
22.5,385.854824844187,2.50000282904426,2.50000282904426
22.5,384.8444551902,2.50000324762707,2.50000324762707
22.5,383.834085536213,2.50000369507758,2.50000369507758
22.5,382.823715882227,2.50000417139578,2.50000417139578
22.5,381.81334622824,2.50000467658164,2.50000467658164
22.5,380.802976574253,2.50000521063516,2.50000521063516
22.5,379.792606920267,2.50000577355632,2.50000577355632
22.5,378.78223726628,2.50000636534509,2.50000636534509
22.5,377.771867612293,2.50000698600145,2.50000698600145
22.5,376.761497958306,2.50000763552539,2.50000763552539
22.5,375.75112830432,2.50000831391687,2.50000831391687
22.5,374.740758650333,2.50000902117589,2.50000902117589
22.5,373.730388996346,2.5000097573024,2.5000097573024
22.5,372.72001934236,2.5000105222964,2.5000105222964
22.5,371.709649688373,2.50001131615784,2.50001131615784
22.5,370.699280034386,2.5000121388867,2.5000121388867
22.5,369.6889103804,2.50001299048296,2.50001299048296
22.5,368.678540726413,2.50001387094659,2.50001387094659
22.5,367.668171072426,2.50001478027755,2.50001478027755
22.5,366.65780141844,2.50001571847581,2.50001571847581
22.5,365.647431764453,2.50001668554134,2.50001668554134
22.5,364.637062110466,2.50001768147411,2.50001768147411
22.5,363.62669245648,2.50001870627408,2.50001870627408
22.5,362.616322802493,2.50001975994122,2.50001975994122
22.5,361.605953148506,2.50002084247549,2.50002084247549
22.5,360.59558349452,2.50002195387685,2.50002195387685
22.5,359.585213840533,2.50002309414527,2.50002309414527
22.5,358.574844186546,2.5000242632807,2.5000242632807
22.5,357.56447453256,2.50002546128311,2.50002546128311
22.5,356.554104878573,2.50002668815244,2.50002668815244
22.5,355.543735224586,2.50002794388867,2.50002794388867
22.5,354.5333655706,2.50002922849175,2.50002922849175
22.5,353.522995916613,2.50003054196163,2.50003054196163
22.5,352.512626262626,2.50003188429826,2.50003188429826
22.5,351.50225660864,2.5000332555016,2.5000332555016
22.5,350.491886954653,2.50003465557161,2.50003465557161
22.5,349.481517300666,2.50003608450823,2.50003608450823
22.5,348.47114764668,2.50003754231142,2.50003754231142
22.5,347.460777992693,2.50003902898112,2.50003902898112
22.5,346.450408338706,2.50004054451729,2.50004054451729
22.5,345.44003868472,2.50004208891986,2.50004208891986
22.5,344.429669030733,2.50004366218879,2.50004366218879
22.5,343.419299376746,2.50004526432403,2.50004526432403
22.5,342.40892972276,2.50004689532551,2.50004689532551
22.5,341.398560068773,2.50004855519318,2.50004855519318
22.5,340.388190414786,2.50005024392698,2.50005024392698
22.5,339.377820760799,2.50005196152686,2.50005196152686
22.5,338.367451106813,2.50005370799275,2.50005370799275
22.5,337.357081452826,2.5000554833246,2.5000554833246
22.5,336.346711798839,2.50005728752234,2.50005728752234
22.5,335.336342144853,2.50005912058591,2.50005912058591
22.5,334.325972490866,2.50006098251525,2.50006098251525
22.5,333.315602836879,2.50006287331029,2.50006287331029
22.5,332.305233182893,2.50006479297097,2.50006479297097
22.5,331.294863528906,2.50006674149721,2.50006674149721
22.5,330.284493874919,2.50006871888896,2.50006871888896
22.5,329.274124220933,2.50007072514615,2.50007072514615
22.5,328.263754566946,2.5000727602687,2.5000727602687
22.5,327.253384912959,2.50007482425654,2.50007482425654
22.5,326.243015258973,2.50007691710961,2.50007691710961
22.5,325.232645604986,2.50007903882783,2.50007903882783
22.5,324.222275950999,2.50008118941112,2.50008118941112
22.5,323.211906297013,2.50008336885942,2.50008336885942
22.5,322.201536643026,2.50008557717265,2.50008557717265
22.5,321.191166989039,2.50008781435072,2.50008781435072
22.5,320.180797335053,2.50009008039357,2.50009008039357
22.5,319.170427681066,2.50009237530111,2.50009237530111
22.5,318.160058027079,2.50009469907327,2.50009469907327
22.5,317.149688373093,2.50009705170996,2.50009705170996
22.5,316.139318719106,2.50009943321111,2.50009943321111
22.5,315.128949065119,2.50010184357662,2.50010184357662
22.5,314.118579411133,2.50010428280643,2.50010428280643
22.5,313.108209757146,2.50010675090043,2.50010675090043
22.5,312.097840103159,2.50010924785855,2.50010924785855
22.5,311.087470449173,2.50011177368071,2.50011177368071
22.5,310.077100795186,2.5001143283668,2.5001143283668
22.5,309.066731141199,2.50011691191676,2.50011691191676
22.5,308.056361487213,2.50011952433047,2.50011952433047
22.5,307.045991833226,2.50012216560786,2.50012216560786
22.5,306.035622179239,2.50012483574884,2.50012483574884
22.5,305.025252525253,2.5001275347533,2.5001275347533
22.5,304.520202020202,2.54562489409147,2.54562489409147
22.5510204081633,303.512658770162,2.5962226758582,2.59622267585819
22.6020408163265,302.803141496808,2.71728000652429,2.71728000652429
22.6530612244898,302.143726881778,2.88510683993288,2.88510683993288
22.7040816326531,301.510677580119,3.09745124693291,3.09745124693288
22.7551020408163,301.399803129957,3.0903132621058,3.0903132621058
22.8571428571429,300.798799079044,3.29305724620094,3.29305724620094
22.9591836734694,300.505343602612,3.35770104314703,3.35770104314702
23.0612244897959,300.269655166014,3.39997884675694,3.39997884675694
23.1632653061224,300.066700876233,3.43133011429211,3.43133011429215
23.265306122449,299.886293234631,3.45613220027337,3.45613220027334
23.3673469387755,299.722954242579,3.47657284022344,3.47657284022347
23.469387755102,299.573284911395,3.49391003367366,3.49391003367366
23.5714285714286,299.434981836368,3.50893455058392,3.50893455058392
23.6734693877551,299.306387765554,3.52217552661246,3.52217552661242
23.7755102040816,299.186257577697,3.5340039564994,3.5340039564994
23.8775510204082,299.073624635252,3.54468961193923,3.54468961193919
23.9795918367347,298.967719008215,3.5544345048633,3.55443450486331
24.0816326530612,298.867914683714,3.5633936196314,3.56339361963136
24.1836734693878,298.773693997215,3.57168831390939,3.57168831390939
24.2857142857143,298.68462281403,3.57941529020022,3.57941529020022
24.3877551020408,298.600332700086,3.58665278254705,3.58665278254709
24.4897959183673,298.520507794333,3.59346493240626,3.59346493240626
24.5918367346939,298.444874936908,3.59990495253796,3.599904952538
24.6938775510204,298.373196108825,3.60601745913362,3.60601745913363
24.7959183673469,298.305262548834,3.61184022043024,3.61184022043024
24.8979591836735,298.240890110646,3.61740548792909,3.61740548792912
25,298.179915553138,3.62274102382273,3.62274102382277
25.1020408163265,298.122193543013,3.62787090384756,3.6278709038476
25.2040816326531,298.067594208974,3.63281615177693,3.63281615177689
25.3061224489796,298.016001128105,3.63759524608149,3.63759524608153
25.4081632653061,297.967309654796,3.64222452839979,3.64222452839975
25.5102040816327,297.921425523965,3.64671853578545,3.64671853578545
25.6122448979592,297.878263676021,3.65109027321226,3.65109027321225
25.7142857142857,297.837747262681,3.65535143883651,3.65535143883654
25.8163265306122,297.799806801529,3.65951261160059,3.65951261160055
25.9183673469388,297.764379453852,3.66358340859379,3.66358340859379
26.0204081632653,297.73140840545,3.66757261796545,3.66757261796544
26.1224489795918,297.700842334036,3.67148831195439,3.67148831195439
26.2244897959184,297.67263495002,3.67533794366265,3.67533794366265
26.3265306122449,297.646744599864,3.67912843047814,3.67912843047811
26.4285714285714,297.623133923206,3.682866226491,3.68286622649104
26.530612244898,297.601769556489,3.68655738581261,3.68655738581257
26.6326530612245,297.582621877122,3.69020761836088,3.69020761836088
26.734693877551,297.565664783232,3.69382233940815,3.69382233940811
26.8367346938776,297.550875504925,3.69740671397032,3.69740671397028
26.9387755102041,297.538234443692,3.70096569694953,3.70096569694953
27.0408163265306,297.527725037168,3.70450406980579,3.70450406980575
27.1428571428571,297.519333646999,3.7080264744278,3.7080264744278
27.2448979591837,297.513049467969,3.71153744479045,3.71153744479045
27.2959183673469,297.508343786311,3.6770107646382,3.67701076463824
27.3979591836735,297.504169276179,3.67913461827579,3.67913461827579
27.5,297.5,3.67984259177171,3.67984259177171
27.6020408163265,297.495830723821,3.67913461827579,3.67913461827579
27.7040816326531,297.491656213689,3.67701076463824,3.6770107646382
27.7551020408163,297.486950532031,3.71153744479045,3.71153744479045
27.8571428571429,297.480666353001,3.7080264744278,3.7080264744278
27.9591836734694,297.472274962832,3.70450406980575,3.70450406980579
28.0612244897959,297.461765556308,3.70096569694953,3.70096569694953
28.1632653061224,297.449124495075,3.69740671397028,3.69740671397032
28.265306122449,297.434335216768,3.69382233940811,3.69382233940815
28.3673469387755,297.417378122878,3.69020761836088,3.69020761836088
28.469387755102,297.398230443511,3.68655738581257,3.68655738581261
28.5714285714286,297.376866076794,3.68286622649104,3.682866226491
28.6734693877551,297.353255400136,3.67912843047811,3.67912843047814
28.7755102040816,297.32736504998,3.67533794366265,3.67533794366265
28.8775510204082,297.299157665964,3.67148831195439,3.67148831195439
28.9795918367347,297.26859159455,3.66757261796544,3.66757261796545
29.0816326530612,297.235620546148,3.66358340859379,3.66358340859379
29.1836734693878,297.200193198471,3.65951261160055,3.65951261160059
29.2857142857143,297.162252737319,3.65535143883654,3.65535143883651
29.3877551020408,297.121736323979,3.65109027321226,3.65109027321226
29.4897959183673,297.078574476035,3.64671853578545,3.64671853578545
29.5918367346939,297.032690345204,3.64222452839975,3.64222452839979
29.6938775510204,296.983998871895,3.63759524608153,3.63759524608149
29.7959183673469,296.932405791026,3.6328161517769,3.63281615177693
29.8979591836735,296.877806456987,3.6278709038476,3.62787090384756
30,296.820084446862,3.62274102382277,3.62274102382273
30.1020408163265,296.759109889354,3.61740548792912,3.61740548792909
30.2040816326531,296.694737451166,3.61184022043025,3.61184022043024
30.3061224489796,296.626803891175,3.60601745913363,3.60601745913362
30.4081632653061,296.555125063092,3.599904952538,3.59990495253796
30.5102040816327,296.479492205667,3.59346493240626,3.59346493240626
30.6122448979592,296.399667299914,3.58665278254709,3.58665278254705
30.7142857142857,296.31537718597,3.57941529020022,3.57941529020022
30.8163265306122,296.226306002785,3.57168831390939,3.57168831390939
30.9183673469388,296.132085316286,3.56339361963136,3.5633936196314
31.0204081632653,296.032280991785,3.55443450486331,3.5544345048633
31.1224489795918,295.926375364748,3.54468961193919,3.54468961193923
31.2244897959184,295.813742422303,3.5340039564994,3.5340039564994
31.3265306122449,295.693612234446,3.52217552661242,3.52217552661246
31.4285714285714,295.565018163632,3.50893455058392,3.50893455058392
31.530612244898,295.426715088605,3.49391003367366,3.49391003367366
31.6326530612245,295.277045757421,3.47657284022347,3.47657284022344
31.734693877551,295.113706765369,3.45613220027334,3.45613220027337
31.8367346938776,294.933299123767,3.43133011429215,3.43133011429211
31.9387755102041,294.730344833986,3.39997884675694,3.39997884675694
32.0408163265306,294.494656397388,3.35770104314703,3.35770104314702
32.1428571428571,294.201200920956,3.29305724620094,3.29305724620091
32.2448979591837,293.600196870043,3.0903132621058,3.0903132621058
32.2959183673469,293.489322419881,3.09745124693289,3.09745124693291
32.3469387755102,292.859315591144,2.88630365459103,2.88630365459103
32.3979591836735,292.202943449036,2.71903952693799,2.71903952693797
32.4489795918367,291.496468648604,2.59793395183121,2.59793395183122
32.5,290.491967871486,2.5479467001047,2.5479467001047
32.5,289.989959839357,2.50002016088385,2.50002016088385
32.5,288.985902626901,2.50001999597,2.50001999597
32.5,287.981845414445,2.5000198317334,2.5000198317334
32.5,286.977788201988,2.50001966817405,2.50001966817405
32.5,285.973730989532,2.50001950529196,2.50001950529196
32.5,284.969673777076,2.50001934308712,2.50001934308712
32.5,283.965616564619,2.50001918155954,2.50001918155954
32.5,282.961559352163,2.50001902070921,2.50001902070921
32.5,281.957502139706,2.50001886053613,2.50001886053613
32.5,280.95344492725,2.50001870104031,2.50001870104031
32.5,279.949387714794,2.50001854222174,2.50001854222174
32.5,278.945330502337,2.50001838408043,2.50001838408043
32.5,277.941273289881,2.50001822661637,2.50001822661637
32.5,276.937216077424,2.50001806982957,2.50001806982957
32.5,275.933158864968,2.50001791372002,2.50001791372002
32.5,274.929101652512,2.50001775828773,2.50001775828773
32.5,273.925044440055,2.50001760353269,2.50001760353269
32.5,272.920987227599,2.50001744945491,2.50001744945491
32.5,271.916930015143,2.50001729605438,2.50001729605438
32.5,270.912872802686,2.50001714333111,2.50001714333111
32.5,269.90881559023,2.5000169912851,2.5000169912851
32.5,268.904758377773,2.50001683991634,2.50001683991634
32.5,267.900701165317,2.50001668922483,2.50001668922483
32.5,266.896643952861,2.50001653921059,2.50001653921059
32.5,265.892586740404,2.5000163898736,2.5000163898736
32.5,264.888529527948,2.50001624121386,2.50001624121386
32.5,263.884472315492,2.50001609323138,2.50001609323138
32.5,262.880415103035,2.50001594592616,2.50001594592616
32.5,261.876357890579,2.5000157992982,2.5000157992982
32.5,260.872300678122,2.50001565334749,2.50001565334749
32.5,259.868243465666,2.50001550807404,2.50001550807404
32.5,258.86418625321,2.50001536347785,2.50001536347785
32.5,257.860129040753,2.50001521955891,2.50001521955891
32.5,256.856071828297,2.50001507631723,2.50001507631723
32.5,255.85201461584,2.50001493375281,2.50001493375281
32.5,254.847957403384,2.50001479186565,2.50001479186565
32.5,253.843900190928,2.50001465065574,2.50001465065574
32.5,252.839842978471,2.50001451012309,2.50001451012309
32.5,251.835785766015,2.5000143702677,2.5000143702677
32.5,250.831728553558,2.50001423108957,2.50001423108957
32.5,249.827671341102,2.5000140925887,2.5000140925887
32.5,248.823614128646,2.50001395476508,2.50001395476508
32.5,247.819556916189,2.50001381761872,2.50001381761872
32.5,246.815499703733,2.50001368114963,2.50001368114963
32.5,245.811442491277,2.50001354535779,2.50001354535779
32.5,244.80738527882,2.5000134102432,2.5000134102432
32.5,243.803328066364,2.50001327580588,2.50001327580588
32.5,242.799270853907,2.50001314204582,2.50001314204582
32.5,241.795213641451,2.50001300896301,2.50001300896301
32.5,240.791156428995,2.50001287655747,2.50001287655747
32.5,239.787099216538,2.50001274482918,2.50001274482918
32.5,238.783042004082,2.50001261377815,2.50001261377815
32.5,237.778984791626,2.50001248340439,2.50001248340439
32.5,236.774927579169,2.50001235370788,2.50001235370788
32.5,235.770870366713,2.50001222468863,2.50001222468863
32.5,234.766813154256,2.50001209634664,2.50001209634664
32.5,233.7627559418,2.50001196868191,2.50001196868191
32.5,232.758698729344,2.50001184169445,2.50001184169445
32.5,231.754641516887,2.50001171538424,2.50001171538424
32.5,230.750584304431,2.50001158975129,2.50001158975129
32.5,229.746527091974,2.5000114647956,2.5000114647956
32.5,228.742469879518,2.50001134051717,2.50001134051717
32.5,227.738412667062,2.50001121691601,2.50001121691601
32.5,226.734355454605,2.5000110939921,2.5000110939921
32.5,225.730298242149,2.50001097174545,2.50001097174545
32.5,224.726241029693,2.50001085017607,2.50001085017607
32.5,223.722183817236,2.50001072928394,2.50001072928394
32.5,222.71812660478,2.50001060906908,2.50001060906908
32.5,221.714069392323,2.50001048953148,2.50001048953148
32.5,220.710012179867,2.50001037067114,2.50001037067114
32.5,219.705954967411,2.50001025248806,2.50001025248806
32.5,218.701897754954,2.50001013498224,2.50001013498224
32.5,217.697840542498,2.50001001815369,2.50001001815369
32.5,216.693783330041,2.50000990200239,2.50000990200239
32.5,215.689726117585,2.50000978652836,2.50000978652836
32.5,214.685668905129,2.50000967173159,2.50000967173159
32.5,213.681611692672,2.50000955761208,2.50000955761208
32.5,212.677554480216,2.50000944416983,2.50000944416983
32.5,211.67349726776,2.50000933140484,2.50000933140484
32.5,210.669440055303,2.50000921931712,2.50000921931712
32.5,209.665382842847,2.50000910790666,2.50000910790666
32.5,208.66132563039,2.50000899717346,2.50000899717346
32.5,207.657268417934,2.50000888711752,2.50000888711752
32.5,206.653211205478,2.50000877773885,2.50000877773885
32.5,205.649153993021,2.50000866903744,2.50000866903744
32.5,204.645096780565,2.50000856101329,2.50000856101329
32.5,203.641039568109,2.5000084536664,2.5000084536664
32.5,202.636982355652,2.50000834699678,2.50000834699678
32.5,201.632925143196,2.50000824100442,2.50000824100442
32.5,200.628867930739,2.50000813568932,2.50000813568932
32.5,199.624810718283,2.50000803105149,2.50000803105149
32.5,198.620753505827,2.50000792709092,2.50000792709092
32.5,197.61669629337,2.50000782380761,2.50000782380761
32.5,196.612639080914,2.50000772120157,2.50000772120157
32.5,195.608581868457,2.50000761927279,2.50000761927279
32.5,194.604524656001,2.50000751802127,2.50000751802127
32.5,193.600467443545,2.50000741744701,2.50000741744701
32.5,192.596410231088,2.50000731755002,2.50000731755002
32.5,191.592353018632,2.5000072183303,2.5000072183303
32.5,190.588295806175,2.50000711978784,2.50000711978784
32.5,189.584238593719,2.50000702192264,2.50000702192264
32.5,188.580181381263,2.5000069247347,2.5000069247347
32.5,187.576124168806,2.50000682822403,2.50000682822403
32.5,186.57206695635,2.50000673239063,2.50000673239063
32.5,185.568009743894,2.50000663723449,2.50000663723449
32.5,184.563952531437,2.50000654275561,2.50000654275561
32.5,183.559895318981,2.50000644895399,2.50000644895399
32.5,182.555838106524,2.50000635582965,2.50000635582965
32.5,181.551780894068,2.50000626338256,2.50000626338256
32.5,180.547723681612,2.50000617161274,2.50000617161274
32.5,179.543666469155,2.50000608052019,2.50000608052019
32.5,178.539609256699,2.5000059901049,2.5000059901049
32.5,177.535552044243,2.50000590036687,2.50000590036687
32.5,176.531494831786,2.50000581130611,2.50000581130611
32.5,175.52743761933,2.50000572292262,2.50000572292262
32.5,174.523380406873,2.50000563521639,2.50000563521639
32.5,173.519323194417,2.50000554818742,2.50000554818742
32.5,172.515265981961,2.50000546183572,2.50000546183572
32.5,171.511208769504,2.50000537616129,2.50000537616129
32.5,170.507151557048,2.50000529116412,2.50000529116412
32.5,169.503094344591,2.50000520684422,2.50000520684422
32.5,168.499037132135,2.50000512320158,2.50000512320158
32.5,167.494979919679,2.50000504023621,2.50000504023621
32.5,166.490922707222,2.5000049579481,2.5000049579481
32.5,165.486865494766,2.50000487633726,2.50000487633726
32.5,164.48280828231,2.50000479540368,2.50000479540368
32.5,163.478751069853,2.50000471514737,2.50000471514737
32.5,162.474693857397,2.50000463556833,2.50000463556833
32.5,161.47063664494,2.50000455666655,2.50000455666655
32.5,160.466579432484,2.50000447844204,2.50000447844204
32.5,159.462522220028,2.50000440089479,2.50000440089479
32.5,158.458465007571,2.50000432402481,2.50000432402481
32.5,157.454407795115,2.5000042478321,2.5000042478321
32.5,156.450350582659,2.50000417231665,2.50000417231665
32.5,155.446293370202,2.50000409747847,2.50000409747847
32.5,154.442236157746,2.50000402331756,2.50000402331756
32.5,153.438178945289,2.50000394983391,2.50000394983391
32.5,152.434121732833,2.50000387702753,2.50000387702753
32.5,151.430064520377,2.50000380489841,2.50000380489841
32.5,150.42600730792,2.50000373344657,2.50000373344657
32.5,149.421950095464,2.50000366267198,2.50000366267198
32.5,148.417892883007,2.50000359257467,2.50000359257467
32.5,147.413835670551,2.50000352315462,2.50000352315462
32.5,146.409778458095,2.50000345441184,2.50000345441184
32.5,145.405721245638,2.50000338634633,2.50000338634633
32.5,144.401664033182,2.50000331895808,2.50000331895808
32.5,143.397606820726,2.5000032522471,2.5000032522471
32.5,142.393549608269,2.50000318621339,2.50000318621339
32.5,141.389492395813,2.50000312085694,2.50000312085694
32.5,140.385435183356,2.50000305617776,2.50000305617776
32.5,139.3813779709,2.50000299217585,2.50000299217585
32.5,138.377320758444,2.50000292885121,2.50000292885121
32.5,137.373263545987,2.50000286620383,2.50000286620383
32.5,136.369206333531,2.50000280423372,2.50000280423372
32.5,135.365149121074,2.50000274294088,2.50000274294088
32.5,134.361091908618,2.5000026823253,2.5000026823253
32.5,133.357034696162,2.500002622387,2.500002622387
32.5,132.352977483705,2.50000256312596,2.50000256312596
32.5,131.348920271249,2.50000250454219,2.50000250454218
32.5,130.344863058793,2.50000244663568,2.50000244663568
32.5,129.340805846336,2.50000238940644,2.50000238940644
32.5,128.33674863388,2.50000233285448,2.50000233285448
32.5,127.332691421423,2.50000227697978,2.50000227697978
32.5,126.328634208967,2.50000222178234,2.50000222178234
32.5,125.324576996511,2.50000216726218,2.50000216726218
32.5,124.320519784054,2.50000211341928,2.50000211341928
32.5,123.316462571598,2.50000206025365,2.50000206025365
32.5,122.312405359141,2.50000200776529,2.50000200776529
32.5,121.308348146685,2.5000019559542,2.5000019559542
32.5,120.304290934229,2.50000190482037,2.50000190482037
32.5,119.300233721772,2.50000185436382,2.50000185436382
32.5,118.296176509316,2.50000180458453,2.50000180458453
32.5,117.29211929686,2.50000175548251,2.50000175548251
32.5,116.288062084403,2.50000170705776,2.50000170705776
32.5,115.284004871947,2.50000165931027,2.50000165931027
32.5,114.27994765949,2.50000161224006,2.50000161224006
32.5,113.275890447034,2.50000156584711,2.50000156584711
32.5,112.271833234578,2.50000152013143,2.50000152013143
32.5,111.267776022121,2.50000147509302,2.50000147509302
32.5,110.263718809665,2.50000143073188,2.50000143073188
32.5,109.259661597209,2.50000138704801,2.50000138704801
32.5,108.255604384752,2.50000134404141,2.50000134404141
32.5,107.251547172296,2.50000130171207,2.50000130171207
32.5,106.247489959839,2.50000126006,2.50000126006
32.5,105.243432747383,2.50000121908521,2.50000121908521
32.5,104.239375534927,2.50000117878768,2.50000117878768
32.5,103.23531832247,2.50000113916742,2.50000113916742
32.5,102.231261110014,2.50000110022442,2.50000110022442
32.5,101.227203897557,2.5000010619587,2.5000010619587
32.5,100.223146685101,2.50000102437025,2.50000102437025
32.5,99.2190894726447,2.50000098745906,2.50000098745906
32.5,98.2150322601883,2.50000095122515,2.50000095122515
32.5,97.2109750477319,2.5000009156685,2.5000009156685
32.5,96.2069178352755,2.50000088078912,2.50000088078912
32.5,95.2028606228191,2.50000084658701,2.50000084658701
32.5,94.1988034103628,2.50000081306217,2.50000081306217
32.5,93.1947461979064,2.5000007802146,2.5000007802146
32.5,92.19068898545,2.5000007480443,2.5000007480443
32.5,91.1866317729936,2.50000071655127,2.50000071655127
32.5,90.1825745605372,2.5000006857355,2.5000006857355
32.5,89.1785173480808,2.50000065559701,2.50000065559701
32.5,88.1744601356245,2.50000062613578,2.50000062613578
32.5,87.1704029231681,2.50000059735183,2.50000059735183
32.5,86.1663457107117,2.50000056924514,2.50000056924514
32.5,85.1622884982553,2.50000054181572,2.50000054181572
32.5,84.1582312857989,2.50000051506357,2.50000051506357
32.5,83.1541740733426,2.50000048898869,2.50000048898869
32.5,82.1501168608862,2.50000046359108,2.50000046359108
32.5,81.1460596484298,2.50000043887074,2.50000043887074
32.5,80.1420024359734,2.50000041482767,2.50000041482767
32.5,79.137945223517,2.50000039146187,2.50000039146187
32.5,78.1338880110606,2.50000036877334,2.50000036877334
32.5,77.1298307986043,2.50000034676207,2.50000034676207
32.5,76.1257735861479,2.50000032542808,2.50000032542808
32.5,75.1217163736915,2.50000030477136,2.50000030477136
32.5,74.1176591612351,2.5000002847919,2.5000002847919
32.5,73.1136019487787,2.50000026548972,2.50000026548972
32.5,72.1095447363223,2.5000002468648,2.5000002468648
32.5,71.1054875238659,2.50000022891716,2.50000022891716
32.5,70.1014303114096,2.50000021164678,2.50000021164678
32.5,69.0973730989532,2.50000019505367,2.50000019505367
32.5,68.0933158864968,2.50000017913784,2.50000017913784
32.5,67.0892586740404,2.50000016389927,2.50000016389927
32.5,66.085201461584,2.50000014933797,2.50000014933797
32.5,65.0811442491277,2.50000013545394,2.50000013545394
32.5,64.0770870366713,2.50000012224718,2.50000012224718
32.5,63.0730298242149,2.50000010971769,2.50000010971769
32.5,62.0689726117585,2.50000009786547,2.50000009786547
32.5,61.0649153993021,2.50000008669052,2.50000008669052
32.5,60.0608581868457,2.50000007619284,2.50000007619284
32.5,59.0568009743894,2.50000006637243,2.50000006637243
32.5,58.052743761933,2.50000005722929,2.50000005722929
32.5,57.0486865494766,2.50000004876342,2.50000004876342
32.5,56.0446293370202,2.50000004097482,2.50000004097482
32.5,55.0405721245638,2.50000003386349,2.50000003386349
32.5,54.0365149121074,2.50000002742942,2.50000002742942
32.5,53.0324576996511,2.50000002167263,2.50000002167263
32.5,52.0284004871947,2.50000001659311,2.50000001659311
32.5,51.0243432747383,2.50000001219085,2.50000001219085
32.5,50.0202860622819,2.50000000846587,2.50000000846587
32.5,49.0162288498255,2.50000000541816,2.50000000541816
32.5,48.0121716373691,2.50000000304771,2.50000000304771
32.5,47.0081144249128,2.50000000135454,2.50000000135454
32.5,46.0040572124564,2.50000000033863,2.50000000033863
32.5,45,2.5,2.5
32.5,45,2.5,2.5
32.5838926174497,43.5542208104351,2.5,2.5
32.6677852348993,42.9588045200341,2.5,2.5
32.751677852349,42.5042827549256,2.5,2.5
32.8355704697987,42.1230825168654,2.5,2.5
32.9194630872483,41.7889833541938,2.5,2.5
33.003355704698,41.4885151784469,2.5,2.5
33.0872483221477,41.2136630549004,2.5,2.5
33.1711409395973,40.9591964500697,2.5,2.5
33.255033557047,40.7214765100671,2.5,2.5
33.3389261744966,40.497849709732,2.5,2.5
33.4228187919463,40.2863098027248,2.5,2.5
33.506711409396,40.0852958000413,2.5,2.5
33.5906040268456,39.8935644988144,2.5,2.49999999999999
33.6744966442953,39.7101064528743,2.5,2.5
33.758389261745,39.5340885472275,2.5,2.5
33.8422818791946,39.3648135490783,2.5,2.5
33.9261744966443,39.2016908739505,2.5,2.5
34.010067114094,39.0442149834568,2.5,2.5
34.0939597315436,38.8919491109841,2.5,2.5
34.1778523489933,38.7445127911721,2.5,2.5
34.2617449664429,38.6015721591717,2.5,2.5
34.3456375838926,38.4628323024234,2.5,2.5
34.4295302013423,38.328031157472,2.5,2.5
34.513422818792,38.1969345863378,2.5,2.5
34.5973154362416,38.0693323649923,2.5,2.5
34.6812080536913,37.9450348853595,2.5,2.5
34.7651006711409,37.8238704214514,2.5,2.49999999999999
34.8489932885906,37.7056828458778,2.5,2.5
34.9328859060403,37.5903297091438,2.5,2.5
35.0167785234899,37.4776806136041,2.5,2.5
35.1006711409396,37.367615828578,2.5,2.5
35.1845637583893,37.2600251042478,2.5,2.5
35.2684563758389,37.1548066504993,2.5,2.5
35.3523489932886,37.0518662534718,2.5,2.5
35.4362416107383,36.9511165077493,2.5,2.5
35.5201342281879,36.8524761461886,2.5,2.5
35.6040268456376,36.7558694526044,2.5,2.5
35.6879194630872,36.6612257451079,2.5,2.5
35.7718120805369,36.5684789199649,2.5,2.5
35.8557046979866,36.4775670475166,2.5,2.5
35.9395973154362,36.3884320130681,2.5,2.5
36.0234899328859,36.301019196768,2.5,2.5
36.1073825503356,36.2152771874166,2.5,2.5
36.1912751677852,36.1311575259044,2.5,2.5
36.2751677852349,36.048614474608,2.5,2.5
36.3590604026846,35.9676048096008,2.5,2.5
36.4429530201342,35.8880876329735,2.5,2.5
36.5268456375839,35.8100242029335,2.5,2.5
36.6107382550336,35.733377779663,2.5,2.50000000000001
36.6946308724832,35.6581134851845,2.5,2.5
36.7785234899329,35.5841981757041,2.5,2.5
36.8624161073826,35.5116003251016,2.5,2.5
36.9463087248322,35.4402899183978,2.5,2.5
37.0302013422819,35.3702383541733,2.5,2.5
37.1140939597315,35.3014183550347,2.5,2.5
37.1979865771812,35.2338038853321,2.5,2.5
37.2818791946309,35.1673700754209,2.5,2.5
37.3657718120805,35.1020931518439,2.5,2.5
37.4496644295302,35.0379503728751,2.5,2.5
37.5335570469799,34.9749199689331,2.5,2.5
37.6174496644295,34.9129810874189,2.5,2.5
37.7013422818792,34.8521137415856,2.5,2.5
37.7852348993289,34.7922987630839,2.5,2.5
37.8691275167785,34.7335177578669,2.5,2.5
37.9530201342282,34.6757530651671,2.5,2.5
38.0369127516779,34.6189877192899,2.5,2.5
38.1208053691275,34.5632054139896,2.5,2.5
38.2046979865772,34.5083904692191,2.5,2.5
38.2885906040268,34.454527800063,2.5,2.5
38.3724832214765,34.401602887682,2.5,2.49999999999999
38.4563758389262,34.3496017521122,2.5,2.49999999999999
38.5402684563758,34.2985109267772,2.5,2.5
38.6241610738255,34.2483174345836,2.5,2.5
38.7080536912752,34.1990087654825,2.5,2.5
38.7919463087248,34.1505728553879,2.5,2.5
38.8758389261745,34.102998066356,2.5,2.5
38.9597315436242,34.0562731679326,2.5,2.5
39.0436241610738,34.0103873195887,2.5,2.5
39.1275167785235,33.9653300541667,2.5,2.5
39.2114093959732,33.921091262269,2.5,2.5
39.2953020134228,33.8776611775247,2.5,2.5
39.3791946308725,33.8350303626751,2.5,2.5
39.4630872483221,33.7931896964253,2.5,2.5
39.5469798657718,33.7521303610105,2.5,2.5
39.6308724832215,33.7118438304313,2.5,2.5
39.7147651006711,33.6723218593166,2.5,2.5
39.7986577181208,33.6335564723729,2.50000000000001,2.5
39.8825503355705,33.5955399543849,2.5,2.5
39.9664429530201,33.5582648407333,2.5,2.5
40.0503355704698,33.5217239083979,2.5,2.5
40.1342281879195,33.4859101674182,2.5,2.5
40.2181208053691,33.4508168527832,2.5,2.5
40.3020134228188,33.416437416726,2.5,2.5
40.3859060402685,33.3827655214002,2.5,2.5
40.4697986577181,33.3497950319152,2.5,2.5
40.5536912751678,33.3175200097119,2.5,2.5
40.6375838926174,33.2859347062581,2.5,2.5
40.7214765100671,33.255033557047,2.5,2.5
40.8053691275168,33.224811175883,2.5,2.5
40.8892617449664,33.1952623494377,2.5,2.5
40.9731543624161,33.1663820320634,2.5,2.5
41.0570469798658,33.1381653408499,2.5,2.5
41.1409395973154,33.1106075509119,2.5,2.5
41.2248322147651,33.0837040908962,2.5,2.5
41.3087248322148,33.057450538696,2.5,2.5
41.3926174496644,33.0318426173644,2.5,2.5
41.4765100671141,33.0068761912147,2.5,2.50000000000001
41.5604026845638,32.9825472621007,2.5,2.5
41.6442953020134,32.9588519658668,2.5,2.5
41.7281879194631,32.9357865689614,2.5,2.5
41.8120805369128,32.9133474652049,2.5,2.5
41.8959731543624,32.8915311727056,2.5,2.5
41.9798657718121,32.8703343309171,2.5,2.5
42.0637583892617,32.8497536978311,2.5,2.5
42.1476510067114,32.8297861472986,2.5,2.5
42.2315436241611,32.8104286664757,2.5,2.5
42.3154362416107,32.7916783533877,2.5,2.5
42.3993288590604,32.7735324146063,2.5,2.5
42.4832214765101,32.7559881630366,2.5,2.5
42.5671140939597,32.7390430158086,2.5,2.5
42.6510067114094,32.7226944922692,2.49999999999999,2.5
42.7348993288591,32.706940212071,2.5,2.5
42.8187919463087,32.6917778933547,2.5,2.5
42.9026845637584,32.6772053510211,2.5,2.5
42.9865771812081,32.66322049509,2.5,2.5
43.0704697986577,32.6498213291423,2.5,2.5
43.1543624161074,32.6370059488438,2.5,2.5
43.238255033557,32.6247725405465,2.5,2.5
43.3221476510067,32.6131193799658,2.5,2.5
43.4060402684564,32.6020448309321,2.5,2.5
43.489932885906,32.591547344212,2.50000000000001,2.5
43.5738255033557,32.5816254564004,2.5,2.5
43.6577181208054,32.5722777888792,2.5,2.5
43.741610738255,32.5635030468413,2.5,2.5
43.8255033557047,32.5553000183798,2.50000000000001,2.5
43.9093959731544,32.5476675736379,2.5,2.5
43.993288590604,32.5406046640219,2.5,2.5
44.0771812080537,32.534110321472,2.5,2.5
44.1610738255034,32.5281836577929,2.5,2.5
44.244966442953,32.5228238640415,2.5,2.5
44.3288590604027,32.518030209971,2.5,2.5
44.4127516778523,32.5138020435308,2.49999999999999,2.5
44.496644295302,32.5101387904209,2.5,2.5
44.5805369127517,32.5070399537005,2.5,2.5
44.6644295302013,32.5045051134499,2.5,2.5
44.748322147651,32.5025339264859,2.5,2.5
44.8322147651007,32.5011261261284,2.5,2.5
44.9161073825503,32.5002815220207,2.5,2.5
45,32.5,2.5,2.5
45,32.5,2.5,2.5
45.0838926174497,32.4997184779793,2.5,2.5
45.1677852348993,32.4988738738716,2.5,2.5
45.251677852349,32.4974660735141,2.5,2.5
45.3355704697987,32.4954948865501,2.5,2.5
45.4194630872483,32.4929600462995,2.5,2.5
45.503355704698,32.4898612095791,2.5,2.5
45.5872483221477,32.4861979564692,2.5,2.5
45.6711409395973,32.481969790029,2.5,2.5
45.755033557047,32.4771761359585,2.5,2.5
45.8389261744966,32.4718163422071,2.5,2.5
45.9228187919463,32.465889678528,2.5,2.5
46.006711409396,32.4593953359781,2.5,2.5
46.0906040268456,32.4523324263621,2.5,2.5
46.1744966442953,32.4446999816203,2.5,2.5
46.258389261745,32.4364969531587,2.5,2.5
46.3422818791946,32.4277222111208,2.5,2.5
46.4261744966443,32.4183745435996,2.5,2.5
46.510067114094,32.408452655788,2.5,2.5
46.5939597315436,32.3979551690679,2.5,2.5
46.6778523489933,32.3868806200342,2.5,2.5
46.7617449664429,32.3752274594535,2.5,2.5
46.8456375838926,32.3629940511562,2.5,2.5
46.9295302013423,32.3501786708577,2.5,2.5
47.013422818792,32.33677950491,2.5,2.5
47.0973154362416,32.3227946489789,2.5,2.5
47.1812080536913,32.3082221066453,2.5,2.5
47.2651006711409,32.293059787929,2.5,2.5
47.3489932885906,32.2773055077308,2.5,2.49999999999999
47.4328859060403,32.2609569841914,2.5,2.5
47.5167785234899,32.2440118369634,2.5,2.5
47.6006711409396,32.2264675853937,2.5,2.5
47.6845637583893,32.2083216466123,2.5,2.5
47.7684563758389,32.1895713335243,2.5,2.5
47.8523489932886,32.1702138527014,2.5,2.5
47.9362416107383,32.1502463021689,2.5,2.5
48.0201342281879,32.1296656690829,2.5,2.5
48.1040268456376,32.1084688272944,2.5,2.5
48.1879194630872,32.0866525347951,2.5,2.5
48.2718120805369,32.0642134310386,2.5,2.5
48.3557046979866,32.0411480341332,2.5,2.5
48.4395973154362,32.0174527378993,2.5,2.5
48.5234899328859,31.9931238087853,2.5,2.5
48.6073825503356,31.9681573826356,2.5,2.5
48.6912751677852,31.942549461304,2.5,2.5
48.7751677852349,31.9162959091038,2.5,2.5
48.8590604026846,31.8893924490881,2.5,2.5
48.9429530201342,31.8618346591501,2.5,2.5
49.0268456375839,31.8336179679366,2.5,2.5
49.1107382550336,31.8047376505623,2.5,2.5
49.1946308724832,31.775188824117,2.5,2.5
49.2785234899329,31.744966442953,2.5,2.5
49.3624161073826,31.7140652937419,2.5,2.5
49.4463087248322,31.6824799902881,2.5,2.5
49.5302013422819,31.6502049680848,2.5,2.5
49.6140939597315,31.6172344785998,2.5,2.5
49.6979865771812,31.583562583274,2.5,2.5
49.7818791946309,31.5491831472168,2.5,2.5
49.8657718120805,31.5140898325818,2.5,2.5
49.9496644295302,31.4782760916021,2.5,2.5
50.0335570469799,31.4417351592667,2.5,2.5
50.1174496644295,31.4044600456151,2.5,2.5
50.2013422818792,31.3664435276271,2.5,2.5
50.2852348993289,31.3276781406834,2.5,2.5
50.3691275167785,31.2881561695687,2.5,2.5
50.4530201342282,31.2478696389895,2.5,2.5
50.5369127516779,31.2068103035747,2.5,2.5
50.6208053691275,31.1649696373249,2.5,2.5
50.7046979865772,31.1223388224753,2.5,2.5
50.7885906040268,31.078908737731,2.5,2.5
50.8724832214765,31.0346699458333,2.5,2.5
50.9563758389262,30.9896126804113,2.5,2.5
51.0402684563758,30.9437268320674,2.5,2.5
51.1241610738255,30.897001933644,2.5,2.5
51.2080536912752,30.849427144612,2.5,2.5
51.2919463087248,30.8009912345175,2.5,2.5
51.3758389261745,30.7516825654164,2.5,2.5
51.4597315436242,30.7014890732228,2.5,2.5
51.5436241610738,30.6503982478878,2.5,2.5
51.6275167785235,30.598397112318,2.5,2.5
51.7114093959732,30.545472199937,2.5,2.5
51.7953020134228,30.4916095307809,2.5,2.5
51.8791946308725,30.4367945860104,2.5,2.5
51.9630872483221,30.3810122807101,2.5,2.5
52.0469798657718,30.3242469348329,2.5,2.5
52.1308724832215,30.2664822421331,2.5,2.5
52.2147651006711,30.2077012369161,2.5,2.5
52.2986577181208,30.1478862584144,2.5,2.5
52.3825503355705,30.0870189125811,2.5,2.5
52.4664429530201,30.0250800310669,2.5,2.5
52.5503355704698,29.9620496271249,2.5,2.5
52.6342281879195,29.8979068481561,2.5,2.5
52.7181208053691,29.8326299245791,2.5,2.5
52.8020134228188,29.766196114668,2.5,2.5
52.8859060402685,29.6985816449653,2.5,2.5
52.9697986577181,29.6297616458267,2.5,2.5
53.0536912751678,29.5597100816022,2.5,2.5
53.1375838926174,29.4883996748985,2.5,2.5
53.2214765100671,29.4158018242959,2.5,2.5
53.3053691275168,29.3418865148155,2.5,2.5
53.3892617449664,29.266622220337,2.5,2.5
53.4731543624161,29.1899757970665,2.5,2.5
53.5570469798658,29.1119123670265,2.5,2.5
53.6409395973154,29.0323951903992,2.5,2.5
53.7248322147651,28.951385525392,2.5,2.5
53.8087248322148,28.8688424740956,2.5,2.5
53.8926174496644,28.7847228125834,2.5,2.5
53.9765100671141,28.698980803232,2.5,2.5
54.0604026845638,28.6115679869319,2.5,2.5
54.1442953020134,28.5224329524834,2.5,2.5
54.2281879194631,28.4315210800351,2.5,2.5
54.3120805369128,28.3387742548921,2.5,2.5
54.3959731543624,28.2441305473956,2.5,2.5
54.4798657718121,28.1475238538114,2.5,2.5
54.5637583892617,28.0488834922507,2.5,2.5
54.6476510067114,27.9481337465282,2.5,2.5
54.7315436241611,27.8451933495007,2.5,2.5
54.8154362416107,27.7399748957522,2.5,2.5
54.8993288590604,27.632384171422,2.5,2.5
54.9832214765101,27.5223193863959,2.5,2.5
55.0671140939597,27.4096702908562,2.5,2.5
55.1510067114094,27.2943171541222,2.5,2.5
55.2348993288591,27.1761295785486,2.5,2.5
55.3187919463087,27.0549651146405,2.5,2.5
55.4026845637584,26.9306676350077,2.5,2.5
55.4865771812081,26.8030654136622,2.5,2.5
55.5704697986577,26.671968842528,2.5,2.5
55.6543624161074,26.5371676975766,2.5,2.5
55.738255033557,26.3984278408283,2.5,2.5
55.8221476510067,26.2554872088279,2.5,2.5
55.9060402684564,26.1080508890159,2.5,2.5
55.989932885906,25.9557850165432,2.5,2.5
56.0738255033557,25.7983091260495,2.5,2.5
56.1577181208054,25.6351864509217,2.5,2.5
56.241610738255,25.4659114527725,2.5,2.5
56.3255033557047,25.2898935471257,2.5,2.5
56.4093959731544,25.1064355011856,2.5,2.5
56.493288590604,24.9147041999587,2.5,2.5
56.5771812080537,24.7136901972752,2.5,2.5
56.6610738255034,24.502150290268,2.5,2.5
56.744966442953,24.2785234899329,2.5,2.5
56.8288590604027,24.0408035499303,2.5,2.5
56.9127516778523,23.7863369450996,2.5,2.5
56.996644295302,23.5114848215531,2.5,2.5
57.0805369127517,23.2110166458061,2.5,2.5
57.1644295302013,22.8769174831346,2.5,2.5
57.248322147651,22.4957172450744,2.5,2.5
57.3322147651007,22.0411954799658,2.5,2.5
57.4161073825503,21.4457791895649,2.5,2.5
57.5,20,2.5,2.5
57.5,20,2.5,2.5
57.3493975903614,16.6425456612036,2.5,2.5
57.1987951807229,15.2566217626435,2.5,2.5
57.0481927710843,14.1964310638561,2.5,2.5
56.8975903614458,13.3053883220202,2.5,2.5
56.7469879518072,12.5227761522251,2.5,2.5
56.5963855421687,11.8174230679481,2.5,2.5
56.4457831325301,11.170793248735,2.5,2.5
56.2951807228916,10.5707976852418,2.5,2.5
56.144578313253,10.0090311502277,2.5,2.5
55.9939759036145,9.4793679538717,2.5,2.5
55.8433734939759,8.97717928244564,2.5,2.5
55.6927710843374,8.49886560720675,2.5,2.5
55.5421686746988,8.04156172824981,2.5,2.5
55.3915662650602,7.60294239321887,2.5,2.5
55.2409638554217,7.18108949477912,2.5,2.5
55.0903614457831,6.77439855415653,2.5,2.5
54.9397590361446,6.38151115225506,2.5,2.5
54.789156626506,6.00126501370813,2.5,2.5
54.6385542168675,5.63265641236582,2.5,2.5
54.4879518072289,5.27481137158999,2.5,2.5
54.3373493975904,4.92696326721782,2.5,2.5
54.1867469879518,4.58843517413731,2.5,2.5
54.0361445783133,4.25862578285627,2.5,2.5
53.8855421686747,3.93699804099592,2.5,2.5
53.7349397590361,3.62306990140697,2.5,2.5
53.5843373493976,3.3164067179202,2.5,2.5
53.433734939759,3.01661494348268,2.5,2.5
53.2831325301205,2.72333686783134,2.5,2.5
53.1325301204819,2.43624619236088,2.5,2.5
52.9819277108434,2.15504428482093,2.5,2.5
52.8313253012048,1.87945699029777,2.5,2.5
52.6807228915663,1.60923190063404,2.5,2.5
52.5301204819277,1.34413600416032,2.5,2.5
52.3795180722892,1.08395365288244,2.5,2.5
52.2289156626506,0.828484796194262,2.5,2.5
52.078313253012,0.577543439574086,2.5,2.5
51.9277108433735,0.330956294167967,2.5,2.5
51.7771084337349,0.0885615891103519,2.5,2.5
51.6265060240964,-0.14979197678713,2.5,2.5
51.4759036144578,-0.384246163480277,2.5,2.5
51.3253012048193,-0.614934014625121,2.5,2.5
51.1746987951807,-0.841980592778544,2.5,2.5
51.0240963855422,-1.06550363652835,2.5,2.5
50.8734939759036,-1.28561414946356,2.5,2.5
50.7228915662651,-1.50241692944119,2.5,2.5
50.5722891566265,-1.71601104539269,2.5,2.5
50.421686746988,-1.92649026789599,2.5,2.5
50.2710843373494,-2.13394345888413,2.5,2.5
50.1204819277108,-2.3384549251385,2.5,2.5
49.9698795180723,-2.54010473960206,2.5,2.5
49.8192771084337,-2.73896903402702,2.5,2.5
49.6686746987952,-2.93512026602587,2.5,2.5
49.5180722891566,-3.12862746321371,2.5,2.5
49.3674698795181,-3.3195564468023,2.5,2.5
49.2168674698795,-3.50797003672363,2.5,2.5
49.066265060241,-3.69392824011703,2.5,2.5
48.9156626506024,-3.87748842480207,2.5,2.5
48.7650602409639,-4.05870547917573,2.5,2.5
48.6144578313253,-4.23763195981213,2.5,2.5
48.4638554216867,-4.41431822790294,2.5,2.5
48.3132530120482,-4.58881257555443,2.5,2.5
48.1626506024096,-4.76116134284892,2.5,2.5
48.0120481927711,-4.93140902648445,2.5,2.5
47.8614457831325,-5.09959838072248,2.5,2.5
47.710843373494,-5.26577051130016,2.5,2.5
47.5602409638554,-5.42996496289811,2.5,2.5
47.4096385542169,-5.59221980069701,2.5,2.5
47.2590361445783,-5.75257168650488,2.5,2.5
47.1084337349398,-5.91105594989096,2.5,2.5
46.9578313253012,-6.06770665472145,2.5,2.5
46.8072289156626,-6.2225566614558,2.5,2.5
46.6566265060241,-6.37563768552968,2.5,2.5
46.5060240963855,-6.52698035212129,2.5,2.5
46.355421686747,-6.67661424757172,2.5,2.5
46.2048192771084,-6.82456796770614,2.5,2.5
46.0542168674699,-6.97086916328148,2.5,2.5
45.9036144578313,-7.11554458276713,2.5,2.5
45.7530120481928,-7.25862011264763,2.5,2.5
45.6024096385542,-7.40012081542098,2.5,2.5
45.4518072289157,-7.54007096545171,2.5,2.5
45.3012048192771,-7.67849408282519,2.5,2.5
45.1506024096386,-7.81541296533782,2.5,2.5
45,-7.95084971874737,2.5,2.5
44.8493975903614,-8.08482578539768,2.5,2.5
44.6987951807229,-8.21736197132361,2.5,2.5
44.5481927710843,-8.3484784719336,2.5,2.5
44.3975903614458,-8.47819489636041,2.5,2.5
44.2469879518072,-8.60653029056329,2.5,2.5
44.0963855421687,-8.7335031592593,2.5,2.5
43.9457831325301,-8.85913148675538,2.5,2.5
43.7951807228916,-8.98343275674794,2.5,2.5
43.644578313253,-9.10642397115189,2.5,2.5
43.4939759036145,-9.22812166801663,2.5,2.5
43.3433734939759,-9.34854193858263,2.5,2.5
43.1927710843374,-9.46770044352843,2.5,2.5
43.0421686746988,-9.58561242845464,2.5,2.5
42.8915662650602,-9.70229273864824,2.5,2.5
42.7409638554217,-9.81775583316766,2.5,2.5
42.5903614457831,-9.93201579828654,2.5,2.5
42.4397590361446,-10.0450863603313,2.5,2.5
42.289156626506,-10.156980897946,2.5,2.5
42.1385542168675,-10.2677124538149,2.5,2.5
41.9879518072289,-10.3772937458717,2.5,2.5
41.8373493975904,-10.4857371780241,2.5,2.5
41.6867469879518,-10.593054850416,2.5,2.5
41.5361445783133,-10.6992585692552,2.5,2.5
41.3855421686747,-10.8043598562255,2.5,2.5
41.2349397590361,-10.9083699575068,2.5,2.5
41.0843373493976,-11.0112998524215,2.5,2.5
40.933734939759,-11.1131602617271,2.5,2.5
40.7831325301205,-11.2139616555709,2.5,2.5
40.6325301204819,-11.3137142611254,2.5,2.5
40.4819277108434,-11.4124280699182,2.5,2.5
40.3313253012048,-11.5101128448723,2.5,2.5
40.1807228915663,-11.6067781270697,2.5,2.5
40.0301204819277,-11.7024332422522,2.5,2.5
39.8795180722892,-11.7970873070715,2.5,2.5
39.7289156626506,-11.8907492350998,2.5,2.5
39.578313253012,-11.9834277426128,2.5,2.5
39.4277108433735,-12.0751313541545,2.5,2.5
39.2771084337349,-12.1658684078951,2.5,2.5
39.1265060240964,-12.2556470607893,2.5,2.5
38.9759036144578,-12.344475293546,2.5,2.5
38.8253012048193,-12.4323609154164,2.5,2.5
38.6746987951807,-12.519311568809,2.5,2.5
38.5240963855422,-12.6053347337386,2.5,2.5
38.3734939759036,-12.6904377321172,2.5,2.5
38.2228915662651,-12.7746277318926,2.5,2.5
38.0722891566265,-12.8579117510422,2.5,2.5
37.921686746988,-12.9402966614273,2.5,2.5
37.7710843373494,-13.0217891925137,2.5,2.5
37.6204819277108,-13.1023959349654,2.5,2.5
37.4698795180723,-13.1821233441146,2.5,2.5
37.3192771084337,-13.2609777433148,2.5,2.5
37.1686746987952,-13.3389653271806,2.5,2.5
37.0180722891566,-13.4160921647197,2.5,2.5
36.8674698795181,-13.4923642023604,2.5,2.5
36.7168674698795,-13.5677872668796,2.5,2.5
36.566265060241,-13.6423670682347,2.5,2.5
36.4156626506024,-13.7161092023029,2.5,2.5
36.2650602409639,-13.789019153533,2.5,2.5
36.1144578313253,-13.86110229751,2.5,2.5
35.9638554216867,-13.9323639034401,2.5,2.5
35.8132530120482,-14.0028091365544,2.5,2.5
35.6626506024096,-14.0724430604387,2.5,2.5
35.5120481927711,-14.1412706392886,2.5,2.5
35.3614457831325,-14.2092967400951,2.5,2.5
35.210843373494,-14.2765261347622,2.5,2.5
35.0602409638554,-14.3429635021588,2.5,2.5
34.9096385542169,-14.408613430108,2.5,2.5
34.7590361445783,-14.4734804173154,2.5,2.5
34.6084337349398,-14.5375688752389,2.5,2.5
34.4578313253012,-14.600883129902,2.5,2.5
34.3072289156627,-14.6634274236525,2.5,2.5
34.1566265060241,-14.7252059168687,2.5,2.5
34.0060240963855,-14.7862226896147,2.5,2.5
33.855421686747,-14.8464817432466,2.5,2.5
33.7048192771084,-14.9059870019714,2.5,2.5
33.5542168674699,-14.96474231436,2.5,2.5
33.4036144578313,-15.022751454816,2.5,2.5
33.2530120481928,-15.0800181250018,2.5,2.5
33.1024096385542,-15.1365459552233,2.5,2.5
32.9518072289157,-15.1923385057744,2.5,2.5
32.8012048192771,-15.2473992682427,2.5,2.5
32.6506024096386,-15.3017316667787,2.5,2.5
32.5,-15.3553390593274,2.5,2.5
32.3493975903614,-15.4082247388255,2.5,2.5
32.1987951807229,-15.4603919343649,2.5,2.5
32.0481927710843,-15.5118438123225,2.5,2.5
31.8975903614458,-15.5625834774589,2.5,2.5
31.7469879518072,-15.6126139739853,2.5,2.5
31.5963855421687,-15.6619382866016,2.5,2.5
31.4457831325301,-15.7105593415041,2.5,2.5
31.2951807228916,-15.7584800073663,2.5,2.5
31.144578313253,-15.8057030962914,2.5,2.5
30.9939759036145,-15.8522313647386,2.5,2.5
30.8433734939759,-15.898067514424,2.5,2.5
30.6927710843374,-15.9432141931959,2.5,2.5
30.5421686746988,-15.9876739958864,2.5,2.5
30.3915662650602,-16.0314494651389,2.5,2.5
30.2409638554217,-16.0745430922132,2.5,2.5
30.0903614457831,-16.1169573177677,2.5,2.5
29.9397590361446,-16.1586945326208,2.5,2.5
29.789156626506,-16.1997570784906,2.5,2.5
29.6385542168675,-16.2401472487145,2.5,2.5
29.4879518072289,-16.2798672889483,2.5,2.5
29.3373493975904,-16.3189193978472,2.5,2.5
29.1867469879518,-16.3573057277263,2.5,2.5
29.0361445783133,-16.3950283852042,2.5,2.5
28.8855421686747,-16.4320894318279,2.5,2.5
28.7349397590361,-16.4684908846803,2.5,2.5
28.5843373493976,-16.5042347169714,2.5,2.5
28.433734939759,-16.539322858612,2.5,2.5
28.2831325301205,-16.5737571967724,2.5,2.5
28.1325301204819,-16.6075395764241,2.5,2.5
27.9819277108434,-16.6406718008673,2.5,2.5
27.8313253012048,-16.6731556322429,2.5,2.5
27.6807228915663,-16.7049927920299,2.5,2.5
27.5301204819277,-16.7361849615288,2.5,2.5
27.3795180722892,-16.7667337823304,2.5,2.5
27.2289156626506,-16.7966408567723,2.5,2.5
27.078313253012,-16.8259077483805,2.5,2.5
26.9277108433735,-16.8545359822995,2.5,2.5
26.7771084337349,-16.8825270457082,2.5,2.5
26.6265060240964,-16.9098823882252,2.5,2.5
26.4759036144578,-16.9366034222998,2.5,2.5
26.3253012048193,-16.9626915235932,2.5,2.5
26.1746987951807,-16.9881480313464,2.5,2.5
26.0240963855422,-17.0129742487374,2.5,2.5
25.8734939759036,-17.0371714432275,2.5,2.5
25.7228915662651,-17.0607408468958,2.5,2.5
25.5722891566265,-17.083683656764,2.5,2.5
25.421686746988,-17.1060010351093,2.5,2.5
25.2710843373494,-17.1276941097687,2.5,2.5
25.1204819277108,-17.1487639744311,2.5,2.5
24.9698795180723,-17.1692116889213,2.5,2.5
24.8192771084337,-17.1890382794733,2.5,2.5
24.6686746987952,-17.2082447389934,2.5,2.5
24.5180722891566,-17.2268320273154,2.5,2.5
24.3674698795181,-17.2448010714449,2.5,2.5
24.2168674698795,-17.2621527657954,2.5,2.5
24.066265060241,-17.2788879724149,2.5,2.5
23.9156626506024,-17.2950075212042,2.5,2.5
23.7650602409639,-17.3105122101254,2.5,2.5
23.6144578313253,-17.3254028054028,2.5,2.5
23.4638554216867,-17.339680041715,2.5,2.5
23.3132530120482,-17.3533446223782,2.5,2.5
23.1626506024096,-17.3663972195217,2.5,2.5
23.0120481927711,-17.3788384742547,2.5,2.5
22.8614457831325,-17.3906689968258,2.5,2.5
22.710843373494,-17.4018893667738,2.5,2.5
22.5602409638554,-17.4125001330705,2.5,2.5
22.4096385542169,-17.4225018142565,2.5,2.5
22.2590361445783,-17.4318948985686,2.5,2.5
22.1084337349398,-17.4406798440596,2.5,2.5
21.9578313253012,-17.4488570787103,2.5,2.5
21.8072289156627,-17.4564270005348,2.5,2.5
21.6566265060241,-17.4633899776774,2.5,2.5
21.5060240963855,-17.4697463485024,2.5,2.5
21.355421686747,-17.4754964216766,2.5,2.5
21.2048192771084,-17.4806404762446,2.5,2.5
21.0542168674699,-17.4851787616965,2.5,2.5
20.9036144578313,-17.4891114980283,2.5,2.5
20.7530120481928,-17.4924388757957,2.5,2.5
20.6024096385542,-17.49516105616,2.5,2.5
20.4518072289157,-17.4972781709273,2.5,2.5
20.3012048192771,-17.4987903225803,2.5,2.5
20.1506024096386,-17.4996975843034,2.5,2.5
20,-17.5,2.5,2.5
20,-17.5,2.5,2.5
18.75,-17.5,2.5,2.5
17.5,-17.5,2.5,2.5
16.25,-17.5,2.5,2.5
15,-17.5,2.5,2.5
15,-17.5,2.5,2.5
14.8825503355705,-17.499605869171,2.5,2.5
14.7651006711409,-17.4984234234202,2.5,2.5
14.6476510067114,-17.4964525029198,2.5,2.5
14.5302013422819,-17.4936928411701,2.5,2.5
14.4127516778523,-17.4901440648193,2.5,2.5
14.2953020134228,-17.4858056934107,2.5,2.5
14.1778523489933,-17.4806771390568,2.5,2.5
14.0604026845638,-17.4747577060406,2.5,2.5
13.9429530201342,-17.4680465903419,2.5,2.5
13.8255033557047,-17.46054287909,2.5,2.5
13.7080536912752,-17.4522455499392,2.5,2.5
13.5906040268456,-17.4431534703693,2.5,2.5
13.4731543624161,-17.4332653969069,2.5,2.5
13.3557046979866,-17.4225799742684,2.5,2.5
13.238255033557,-17.4110957344221,2.5,2.5
13.1208053691275,-17.3988110955691,2.5,2.5
13.003355704698,-17.3857243610394,2.5,2.5
12.8859060402685,-17.3718337181032,2.5,2.5
12.7684563758389,-17.3571372366951,2.5,2.5
12.6510067114094,-17.3416328680478,2.5,2.5
12.5335570469799,-17.325318443235,2.5,2.5
12.4161073825503,-17.3081916716186,2.5,2.5
12.2986577181208,-17.2902501392008,2.5,2.5
12.1812080536913,-17.271491306874,2.5,2.5
12.0637583892617,-17.2519125085704,2.5,2.5
11.9463087248322,-17.2315109493034,2.5,2.5
11.8288590604027,-17.2102837031006,2.5,2.5
11.7114093959732,-17.1882277108231,2.5,2.5
11.5939597315436,-17.1653397778679,2.5,2.5
11.4765100671141,-17.1416165717488,2.5,2.5
11.3590604026846,-17.1170546195512,2.5,2.5
11.241610738255,-17.0916503052572,2.5,2.5
11.1241610738255,-17.065399866934,2.5,2.5
11.006711409396,-17.038299393782,2.5,2.5
10.8892617449664,-17.0103448230365,2.5,2.5
10.7718120805369,-16.981531936716,2.5,2.5
10.6543624161074,-16.9518563582122,2.5,2.5
10.5369127516779,-16.9213135487132,2.5,2.5
10.4194630872483,-16.8898988034541,2.5,2.5
10.3020134228188,-16.8576072477865,2.5,2.5
10.1845637583893,-16.824433833059,2.5,2.5
10.0671140939597,-16.7903733322994,2.5,2.5
9.9496644295302,-16.7554203356898,2.5,2.5
9.83221476510067,-16.7195692458256,2.5,2.5
9.71476510067114,-16.6828142727454,2.5,2.5
9.59731543624161,-16.6451494287233,2.5,2.5
9.47986577181208,-16.6065685228101,2.5,2.5
9.36241610738255,-16.5670651551112,2.5,2.5
9.24496644295302,-16.5266327107873,2.5,2.5
9.12751677852349,-16.4852643537638,2.5,2.5
9.01006711409396,-16.4429530201342,2.5,2.5
8.89261744966443,-16.3996914112387,2.5,2.5
8.7751677852349,-16.3554719864033,2.5,2.5
8.65771812080537,-16.3102869553187,2.5,2.5
8.54026845637584,-16.2641282700398,2.5,2.5
8.42281879194631,-16.2169876165836,2.5,2.5
8.30536912751678,-16.1688564061035,2.5,2.5
8.18791946308725,-16.1197257656145,2.5,2.5
8.07046979865772,-16.0695865282429,2.5,2.5
7.95302013422819,-16.0184292229734,2.5,2.5
7.83557046979866,-15.9662440638611,2.5,2.5
7.71812080536913,-15.9130209386779,2.5,2.5
7.6006711409396,-15.8587493969567,2.5,2.5
7.48322147651007,-15.8034186373962,2.5,2.5
7.36577181208054,-15.7470174945853,2.5,2.5
7.24832214765101,-15.6895344250045,2.5,2.5
7.13087248322148,-15.6309574922549,2.5,2.5
7.01342281879195,-15.5712743514655,2.5,2.5
6.89597315436242,-15.5104722328234,2.5,2.5
6.77852348993289,-15.4485379241666,2.5,2.5
6.66107382550336,-15.3854577525758,2.5,2.5
6.54362416107383,-15.3212175648943,2.5,2.5
6.4261744966443,-15.2558027071016,2.5,2.5
6.30872483221476,-15.1891980024569,2.5,2.5
6.19127516778524,-15.1213877283245,2.5,2.5
6.0738255033557,-15.0523555915829,2.5,2.5
5.95637583892617,-14.9820847025119,2.5,2.5
5.83892617449664,-14.9105575470429,2.5,2.5
5.72147651006711,-14.8377559572451,2.5,2.5
5.60402684563758,-14.7636610799117,2.5,2.5
5.48657718120805,-14.6882533430932,2.5,2.5
5.36912751677852,-14.6115124204145,2.5,2.5
5.25167785234899,-14.5334171929941,2.5,2.5
5.13422818791946,-14.4539457087661,2.5,2.5
5.01677852348993,-14.3730751389864,2.5,2.5
4.8993288590604,-14.2907817316825,2.5,2.5
4.78187919463087,-14.2070407617801,2.5,2.5
4.66442953020134,-14.1218264776135,2.5,2.5
4.54697986577181,-14.0351120434936,2.5,2.5
4.42953020134228,-13.9468694779748,2.5,2.5
4.31208053691275,-13.8570695874186,2.5,2.5
4.19463087248322,-13.7656818944107,2.5,2.5
4.07718120805369,-13.6726745605351,2.5,2.5
3.95973154362416,-13.5780143029514,2.5,2.5
3.84228187919463,-13.4816663041573,2.5,2.5
3.7248322147651,-13.383594114243,2.5,2.5
3.60738255033557,-13.2837595448578,2.5,2.5
3.48993288590604,-13.1821225540143,2.5,2.5
3.37248322147651,-13.0786411207417,2.5,2.5
3.25503355704698,-12.9732711084717,2.5,2.5
3.13758389261745,-12.8659661158932,2.5,2.5
3.02013422818792,-12.7566773138371,2.5,2.5
2.90268456375839,-12.6453532665588,2.5,2.5
2.78523489932886,-12.5319397355488,2.5,2.5
2.66778523489933,-12.4163794637339,2.5,2.5
2.5503355704698,-12.2986119376168,2.5,2.5
2.43288590604027,-12.1785731245248,2.5,2.5
2.31543624161074,-12.0561951817046,2.5,2.5
2.19798657718121,-11.9314061334768,2.5,2.5
2.08053691275168,-11.8041295120491,2.5,2.5
1.96308724832215,-11.6742839568489,2.5,2.5
1.84563758389262,-11.5417827663538,2.5,2.5
1.72818791946309,-11.406533395336,2.5,2.5
1.61073825503356,-11.268436889151,2.5,2.5
1.49328859060403,-11.1273872451395,2.5,2.5
1.3758389261745,-10.983270689301,2.5,2.5
1.25838926174497,-10.8359648540531,2.5,2.5
1.14093959731544,-10.6853378399909,2.5,2.5
1.02348993288591,-10.5312471409543,2.5,2.5
0.906040268456375,-10.3735384071987,2.5,2.5
0.788590604026846,-10.2120440157711,2.5,2.5
0.671140939597316,-10.0465814099681,2.5,2.5
0.553691275167785,-9.87695116049667,2.5,2.5
0.436241610738255,-9.70293468901075,2.5,2.5
0.318791946308724,-9.52429157912705,2.5,2.5
0.201342281879195,-9.34075637953927,2.5,2.5
0.0838926174496635,-9.15203477660719,2.5,2.5
-0.0335570469798654,-8.95779897715962,2.5,2.5
-0.151006711409395,-8.75768209235911,2.5,2.5
-0.268456375838927,-8.55127124462227,2.5,2.5
-0.385906040268456,-8.33809902316053,2.5,2.5
-0.503355704697987,-8.11763277646928,2.5,2.5
-0.620805369127517,-7.88926103129038,2.5,2.5
-0.738255033557047,-7.65227603388144,2.5,2.5
-0.855704697986577,-7.40585096597591,2.5,2.5
-0.973154362416107,-7.14900970165989,2.5,2.5
-1.09060402684564,-6.88058587994213,2.5,2.5
-1.20805369127517,-6.5991662761853,2.5,2.5
-1.3255033557047,-6.30301040637525,2.5,2.5
-1.44295302013423,-5.98993288590604,2.5,2.5
-1.56040268456376,-5.65712496990242,2.5,2.5
-1.67785234899329,-5.30087172313942,2.5,2.5
-1.79530201342282,-4.91607875017431,2.5,2.5
-1.91275167785235,-4.4954233041286,2.5,2.5
-2.03020134228188,-4.02768447638845,2.5,2.5
-2.14765100671141,-3.49400414310418,2.5,2.5
-2.26510067114094,-2.85767367195218,2.5,2.5
-2.38255033557047,-2.02409086539091,2.5,2.5
-2.5,-0,2.5,2.5
